0 26.278535804131998
1 26.105698210769585
2 25.941749689354683
3 25.875455743107096
4 25.819546757329082
5 25.73324155044685
6 25.708231460986486
7 25.626247652876128
8 25.578062331288457
9 25.557864507411324
10 25.564639810842607
11 25.517551005029212
12 25.487406987329514
13 25.448843393806538
14 25.43493645316517
15 25.44609482076961
16 25.4334676911115
17 25.43478033338317
18 25.412302443632726
19 25.387574285910116
20 25.41632682063628
21 25.39585861999543
22 25.401101642748994
23 25.40181638878868
24 25.356866534524233
25 25.379223571276082
26 25.391433716708402
27 25.361408590049955
28 25.355779834055628
29 25.31107845058445
30 25.31874342542095
31 25.348498850844184
32 25.33170036002017
33 25.31455157986636
34 25.348692118570852
35 25.323891536191095
36 25.307504223742434
37 25.31302671198166
38 25.300403096431207
39 25.283497638450633
40 25.288443031171816
41 25.286224076255447
42 25.329641384623596
43 25.304711472788462
44 25.304135518233753
45 25.30039402834756
46 25.33562780486349
47 25.313639333468814
48 25.335047129288938
49 25.33530420108249
50 25.303026009512816
51 25.31201987058001
52 25.286918931261475
53 25.270953846438356
54 25.269197639122883
55 25.27312349569859
56 25.2527014378124
57 25.279900456963304
58 25.28429086936402
59 25.260231797825007
60 25.265105699049222
61 25.261846012196028
62 25.238521081305457
63 25.222155765982926
64 25.219211539207073
65 25.219435453561232
66 25.19905847708255
67 25.202574824340992
68 25.199344608099008
69 25.206182308958983
70 25.203454908092482
71 25.220010550421925
72 25.21400543069853
73 25.247131991970207
74 25.310722157567792
75 25.318403323048543
76 25.267033718462976
77 25.269186426847682
78 25.286804404288013
79 25.274837754402586
80 25.256194015252724
81 25.258455364723645
82 25.2471432495019
83 25.245116588353305
84 25.262728912156486
85 25.275949178363906
86 25.285246686677986
87 25.267519765651876
88 25.23433971908701
89 25.229061977338574
90 25.221323250588675
91 25.215532084324717
92 25.22937805117215
93 25.25983480382363
94 25.249452086207768
95 25.23539468136097
96 25.239024812099125
97 25.26050659727134
98 25.27093806520375
99 25.238364853213632
100 25.25002501298257
101 25.273464873781926
102 25.25402048575771
103 25.231322305444802
104 25.2223238683583
105 25.172119094159513
106 25.15989219097451
107 25.168722150888783
108 25.205202352813387
109 25.225861301702647
110 25.22483012364878
111 25.228182459617397
112 25.246776914112406
113 25.2408843522814
114 25.23423246352376
115 25.20051437964697
116 25.179703200708236
117 25.158595855323245
118 25.186466848486084
119 25.219025576756742
120 25.227944453317797
121 25.243974797987452
122 25.27050103057089
123 25.23965217743799
124 25.2469425754434
125 25.254330939371407
126 25.2003684572092
127 25.220533159237796
128 25.218285872434095
129 25.200280092939234
130 25.202973161692547
131 25.194302781021182
132 25.21921136513139
133 25.245836427585164
134 25.185029407991095
135 25.150209678100047
136 25.151311568169696
137 25.135134304395304
138 25.179974213594978
139 25.19030190204828
140 25.155149049076435
141 25.18515927336718
142 25.196131269206333
143 25.184486615305737
144 25.222785577407013
145 25.22312021700401
146 25.195274520611086
147 25.18573716955281
148 25.20839570304053
149 25.20795228059988
150 25.228332010604532
151 25.207441181132157
152 25.177081132044098
153 25.187924791609966
154 25.156153167162916
155 25.16712121572968
156 25.18801140373001
157 25.191844489319212
158 25.1877700543506
159 25.16139574557566
160 25.168358385273837
161 25.180988133087162
162 25.175810934950547
163 25.17145821352173
164 25.17709071818679
165 25.17448204983882
166 25.167655253274365
167 25.1803911999402
168 25.20593387226822
169 25.212397711040737
170 25.209308634186403
171 25.21950084721039
172 25.215260607875035
173 25.212654242794557
174 25.22601864102421
175 25.200799050552803
176 25.190671976855942
177 25.194282917801026
178 25.187756736528197
179 25.204166199067313
180 25.219128492265032
181 25.18167743142379
182 25.209245662949606
183 25.198485345430164
184 25.210316685465262
185 25.20987936793505
186 25.22552362851024
187 25.240405038423212
188 25.229479534594617
189 25.233106664779168
190 25.228519445356753
191 25.181619481370095
192 25.168188946676814
193 25.174412749569758
194 25.156635855437262
195 25.190321893858652
196 25.17845904839715
197 25.18996492811962
198 25.214239254533553
199 25.210780283438307
200 25.24712124013782
201 25.254650527508545
202 25.26421785692163
203 25.272926214151706
204 25.268404656288084
205 25.23787594066112
206 25.257617352560604
207 25.265994617510984
208 25.246014940900597
209 25.26778152789158
210 25.28459844213188
211 25.273849695304992
212 25.243595154361767
213 25.231768481493656
214 25.221057203721724
215 25.22513824916202
216 25.227866070877372
217 25.23021365603599
218 25.224681769380172
219 25.228638063676897
220 25.194621921591676
221 25.211118878549403
222 25.176123227688425
223 25.177592002287607
224 25.175919181478953
225 25.157380957371814
226 25.163816521705847
227 25.159862826432015
228 25.154270781940507
229 25.153525864982193
230 25.187085275790587
231 25.17847400009919
232 25.204842063972492
233 25.1850136894698
234 25.16757510717927
235 25.202256560182636
236 25.201540349042205
237 25.166899655764617
238 25.160582832225476
239 25.171798005472976
240 25.206605594841744
241 25.212532625108157
242 25.167723594810894
243 25.151539580339563
244 25.17497921124127
245 25.158761985744878
246 25.173397069684338
247 25.2066321249562
248 25.20307408031407
249 25.211594751891568
250 25.216705492668815
251 25.21786664792289
252 25.200464200288746
253 25.188444079312873
254 25.16311379480069
255 25.161051926544076
256 25.177977693942502
257 25.202576893142474
258 25.202245517609597
259 25.19304006931814
260 25.213487705302885
261 25.204965840347295
262 25.19909258849284
263 25.210297243619458
264 25.189133794678952
265 25.157017536889214
266 25.140533451214633
267 25.147771181307778
268 25.133736585262067
269 25.152816062957644
270 25.187461093765823
271 25.16882815293325
272 25.19752618014006
273 25.18614814298349
274 25.161610614387662
275 25.14058547805554
276 25.165049914057324
277 25.17372677612791
278 25.15604105596591
279 25.162601685994296
280 25.175111098489023
281 25.193202956105402
282 25.191367098628465
283 25.21458885946993
284 25.159988454885266
285 25.168267939067444
286 25.167962672473784
287 25.14619533278943
288 25.147383247425953
289 25.134632754637835
290 25.160757782012684
291 25.197993994916498
292 25.16042565997405
293 25.13375241431607
294 25.107499334649674
295 25.132267566211134
296 25.130121263533912
297 25.108426355685015
298 25.11684477027822
299 25.10043689872759
300 25.078628077155145
301 25.065628578699936
302 25.110253147166954
303 25.0788703308675
304 25.036247035940928
305 25.034640831114558
306 25.041614567404554
307 25.042553037260518
308 25.074677757447926
309 25.111694566916704
310 25.1062890908351
311 25.07193452214866
312 25.094552063245605
313 25.113773366004278
314 25.081523487710584
315 25.09504472383189
316 25.125902973768792
317 25.097690164834827
318 25.126675125234726
319 25.153616393714266
320 25.143826015755067
321 25.122776779021017
322 25.144107338998108
323 25.14196476343366
324 25.172188221758667
325 25.193620829484058
326 25.146851747437264
327 25.11088179749056
328 25.09495221116291
329 25.134528665270132
330 25.160195266071533
331 25.13331990530251
332 25.13720104191329
333 25.143366362073813
334 25.14004061876236
335 25.132523637188502
336 25.136848142142814
337 25.106296763996777
338 25.111170256580692
339 25.132297119021217
340 25.07404081922168
341 25.09258440704414
342 25.09171780766321
343 25.10816947602701
344 25.109377028811792
345 25.11989496455428
346 25.120354562708666
347 25.138791682709087
348 25.117665338557387
349 25.102044153863215
350 25.082290870391333
351 25.05738222506767
352 25.046843629473553
353 25.0453902525622
354 25.037525452715656
355 25.052392784397572
356 25.080311286047415
357 25.089960768446602
358 25.117491788643214
359 25.14120589293574
360 25.12652460391035
361 25.096397147002207
362 25.11938582669342
363 25.098094595524746
364 25.13860802407272
365 25.12386943243703
366 25.107999761704964
367 25.07318919576972
368 25.09697149782655
369 25.07490208067956
370 25.110002746852814
371 25.12982706897773
372 25.17592094306983
373 25.164113759479243
374 25.152173909875973
375 25.15626992378434
376 25.139629400103086
377 25.161144531452223
378 25.158641295518912
379 25.18106372607928
380 25.2009285501376
381 25.218449875382206
382 25.20550180233803
383 25.224254518519544
384 25.22905470948699
385 25.220230572158176
386 25.25065649483528
387 25.240570129522176
388 25.26076484898129
389 25.232135954370413
390 25.22441213841386
391 25.18239655069304
392 25.15088362191087
393 25.15584931009961
394 25.18783559620987
395 25.170095834018134
396 25.122159796495637
397 25.122278825525544
398 25.109073615309352
399 25.115106464350994
400 25.104834713728497
401 25.124038629709247
402 25.150309508503707
403 25.16385039190932
404 25.136863460266966
405 25.118116281236354
406 25.09711039089736
407 25.101847803200485
408 25.085320137050196
409 25.093075961926758
410 25.065886547836683
411 25.082152756885325
412 25.099702156918468
413 25.094794142587276
414 25.095531712033043
415 25.10867833391956
416 25.104567034815894
417 25.10422249717729
418 25.067309940113976
419 25.07367663885037
420 25.096250934367223
421 25.060836294280016
422 25.080303204388
423 25.086881854105993
424 25.111256817264415
425 25.08848770290376
426 25.072536812343998
427 25.11723435437667
428 25.128735461212912
429 25.12177757276689
430 25.128333587296574
431 25.13011980749754
432 25.104618593093104
433 25.120076575604536
434 25.09527409285177
435 25.060869072718585
436 25.066928273991998
437 25.079708787734333
438 25.084975450398087
439 25.088774178345965
440 25.07602784584308
441 25.108080710573844
442 25.107911599416326
443 25.125861265435013
444 25.17487298644803
445 25.17848736236282
446 25.18953541483471
447 25.180873191874912
448 25.171854875921824
449 25.186038835609935
450 25.197373041819223
451 25.177092951357626
452 25.21943815516727
453 25.18145501791327
454 25.183564857129976
455 25.124527770813668
456 25.134810580310074
457 25.157694859020268
458 25.13843236250245
459 25.120203468650026
460 25.128230963020066
461 25.076798381587235
462 25.102758506676007
463 25.12564816331537
464 25.104045590584303
465 25.112680710833224
466 25.161934193599595
467 25.18373086828191
468 25.089932537251734
469 25.129749303246665
470 25.13548362014751
471 25.10208492602195
472 25.14001988591648
473 25.133929103883943
474 25.112879883031997
475 25.134157544405717
476 25.130414499655025
477 25.141882787560835
478 25.155896029517347
479 25.143046579258343
480 25.14065088312312
481 25.13491481041927
482 25.125530064397672
483 25.14358400807333
484 25.152702423458724
485 25.146681531025106
486 25.13714761755378
487 25.149749743616088
488 25.126933879240568
489 25.132936489734703
490 25.131817766929593
491 25.126238952248134
492 25.128238150955774
493 25.115674914023142
494 25.13855021836968
495 25.156625530094054
496 25.16655445717183
497 25.11640504583276
498 25.13108084579236
499 25.121616892815794
500 25.119824956862484
501 25.091520863735848
502 25.09800136067909
503 25.079741560242105
504 25.108348350560696
505 25.11079616259905
506 25.098580143970626
507 25.144852769945533
508 25.115484625116938
509 25.09262641368739
510 25.1212878878116
511 25.144291582148167
512 25.115014660533323
513 25.08704259761784
514 25.092442912835093
515 25.099826283520805
516 25.092367415809605
517 25.09410343698596
518 25.09111259066132
519 25.07781051748765
520 25.091184566049925
521 25.080636287516658
522 25.076171807581563
523 25.077505437912205
524 25.080382287634084
525 25.14043892101995
526 25.129561103337096
527 25.126008157731892
528 25.142206491101586
529 25.111524785208253
530 25.12798990537993
531 25.135722445585916
532 25.173954054623028
533 25.171138383801708
534 25.179335659822062
535 25.155640270759317
536 25.134720375809582
537 25.142939686615943
538 25.146330701842924
539 25.169536714271466
540 25.137953387396788
541 25.102357676969614
542 25.121681935789713
543 25.10348077245648
544 25.074423210129932
545 25.092296728827108
546 25.122212386823264
547 25.097765257223877
548 25.078312830376785
549 25.10279733299884
550 25.08192484869791
551 25.035544168781897
552 25.05871714252627
553 25.051683073474557
554 25.049883600847146
555 25.08498852158669
556 25.08814022504825
557 25.13052687338381
558 25.090373156152776
559 25.09958825176519
560 25.059818179585278
561 25.039219981253556
562 25.02028470384434
563 25.063824748793543
564 25.069224693130494
565 25.08008815848125
566 25.05039500412635
567 25.031562045099495
568 25.077023910797646
569 25.058919856519633
570 25.064178978546273
571 25.062975486947465
572 25.079672404366065
573 25.118320503052427
574 25.067876794531298
575 25.06284587657911
576 25.042295752783414
577 25.079397428113797
578 25.06811303822979
579 25.06264729928167
580 25.057671802863027
581 25.05200664034631
582 25.03890505337454
583 25.055334303791554
584 25.049225173029544
585 25.03458169289954
586 25.0105835015935
587 25.00022839261515
588 25.011086044418253
589 25.029807586128257
590 24.989446813779523
591 24.969960477116732
592 24.97944906648104
593 25.001839603939953
594 24.9946777135366
595 25.012318520831275
596 25.03326093403665
597 25.028018744510195
598 25.049049795494366
599 25.027732080366647
600 25.064885502145728
601 25.07648631629373
602 25.09970447167496
603 25.090916340911345
604 25.04406961099168
605 25.03198589961744
606 25.039528648851526
607 25.041176016991532
608 25.041745947859578
609 25.056984324601686
610 25.075207072051818
611 25.066336349366996
612 25.06955813591769
613 25.05775880769295
614 25.067419053747138
615 25.02678801925686
616 25.022177295664
617 25.045374335101787
618 25.032015857528375
619 25.05029947711355
620 25.07068855477099
621 25.079984241612774
622 25.111172147333985
623 25.089573940415207
624 25.062635557767624
625 25.031054627846228
626 25.060616913362388
627 25.077021640336156
628 25.1161577742238
629 25.09565517310942
630 25.09883603280533
631 25.096995988231566
632 25.081474711693133
633 25.108254495068895
634 25.08575202432514
635 25.105608288939358
636 25.100187408315794
637 25.137251452125405
638 25.11487668408638
639 25.122261351349977
640 25.159220756400938
641 25.14991333750669
642 25.12426398656316
643 25.11248731885526
644 25.12701230958675
645 25.12521199414878
646 25.125906488163796
647 25.135222133022214
648 25.142652614775685
649 25.12739078294342
650 25.157879277597726
651 25.112301195858674
652 25.119849486375845
653 25.1261814953763
654 25.110274315574387
655 25.095312449031393
656 25.077994177742113
657 25.092017703361194
658 25.087147373157116
659 25.138348400235483
660 25.141729011833593
661 25.14201306549985
662 25.134958568548353
663 25.117244169333727
664 25.118568346853305
665 25.126764743708883
666 25.113135430416232
667 25.101814683077386
668 25.101221845351727
669 25.107916882488713
670 25.094106770781945
671 25.07651549173459
672 25.07259074347372
673 25.085303146890002
674 25.098838479101037
675 25.122019634830618
676 25.11322916799863
677 25.076009874446008
678 25.08752962895551
679 25.12329192195373
680 25.15855026172718
681 25.152947776290446
682 25.16419133832431
683 25.170585640485378
684 25.1848283935256
685 25.17335079015996
686 25.154039060602482
687 25.122972603711
688 25.112725293248815
689 25.151076449431653
690 25.16413074569477
691 25.120932679239775
692 25.119088636612645
693 25.14676394501806
694 25.122870098186613
695 25.11260463284126
696 25.102703207942533
697 25.094562461648305
698 25.069164739868803
699 25.050761165470938
700 25.059371540713386
701 25.054735203223508
702 25.04586079611323
703 25.039801955641522
704 25.05526458023473
705 25.0407868805358
706 25.0484965211529
707 25.095725908389067
708 25.11793872236792
709 25.13803846327543
710 25.135818381721545
711 25.129111359657866
712 25.10835960352078
713 25.103987216905317
714 25.10275278958874
715 25.097570006767917
716 25.10300968033066
717 25.078800040735963
718 25.069308586069024
719 25.068783767655095
720 25.049936158285583
721 25.07158408382596
722 25.0725847399505
723 25.116259346233317
724 25.125569654101618
725 25.10288452362273
726 25.08687025553651
727 25.04987323938353
728 25.055366200249292
729 25.090049663595025
730 25.10074187275319
731 25.068111441740452
732 25.05891416355317
733 25.082038499981184
734 25.09500326392623
735 25.12014346391331
736 25.097387283132257
737 25.0820841207111
738 25.114185294551902
739 25.089306799314606
740 25.090253275487427
741 25.080803672991134
742 25.057125833834114
743 25.101542755778752
744 25.078829189497714
745 25.08810522405565
746 25.07807057725375
747 25.06581751228907
748 25.078220023121176
749 25.098946798477694
750 25.103008285907343
751 25.099798241289943
752 25.07194870271196
753 25.078598779303057
754 25.092893092415544
755 25.080894901763784
756 25.064630993735026
757 25.074286254238377
758 25.09947020759487
759 25.074312164880467
760 25.104321594999405
761 25.12680276395993
762 25.131678216388746
763 25.087304425836333
764 25.09318205305942
765 25.12640435479763
766 25.136642100063355
767 25.144132862366693
768 25.155678144062467
769 25.13218505526149
770 25.1046001279562
771 25.109097697255958
772 25.116817052018305
773 25.096694101790103
774 25.09169308844163
775 25.120016761673202
776 25.13089437158386
777 25.10965729461752
778 25.09982092395148
779 25.13211554016322
780 25.15658593858213
781 25.093247423147425
782 25.101560144362026
783 25.07763096487699
784 25.06103799263746
785 25.080676789393877
786 25.122986545759385
787 25.11281868473252
788 25.137631480509143
789 25.143115536194973
790 25.13235191595691
791 25.088251307995804
792 25.076795270085082
793 25.09224177812412
794 25.113677704898873
795 25.11727553435151
796 25.127217609620867
797 25.129049274271654
798 25.12270986473043
799 25.106243269738922
800 25.105017052248115
801 25.11546664471235
802 25.0911847557801
803 25.076023089269764
804 25.10524419960974
805 25.1118432677512
806 25.10471844710247
807 25.09661238583269
808 25.115115088688555
809 25.130428670537537
810 25.114467545537284
811 25.098832424326076
812 25.103245659748083
813 25.104492128072014
814 25.11770571448079
815 25.134287289621348
816 25.11201266857864
817 25.075083678120283
818 25.067993510376095
819 25.08556974891619
820 25.119128903086494
821 25.07671954210158
822 25.08064450036095
823 25.077507796841736
824 25.054587702499017
825 25.085375761809086
826 25.09337250801968
827 25.089399710121505
828 25.115855078011755
829 25.11225563319577
830 25.094051747028264
831 25.026336365946204
832 25.0443861846731
833 25.03611972781458
834 25.056132248195464
835 25.099195921903515
836 25.136922911297813
837 25.101441480271717
838 25.059394181944334
839 25.090796203250385
840 25.08079789273055
841 25.070411595422698
842 25.092057664780544
843 25.105823731424994
844 25.092783911261893
845 25.057467220936804
846 25.073764728548355
847 25.09055944712827
848 25.06115263421715
849 25.033846547226368
850 25.04838019324585
851 25.041059814564324
852 25.047330869792408
853 25.024054306114206
854 25.006195492370082
855 25.0480637987591
856 25.03480804839069
857 25.014704821061517
858 25.027639830440627
859 25.020767018754675
860 25.03942620779615
861 25.04443981341988
862 25.027951895536987
863 25.040895124962233
864 25.02433919131905
865 25.022283246862635
866 25.029402361760184
867 25.073142142887022
868 25.09127637890733
869 25.08129600397998
870 25.105372993608015
871 25.11417077189711
872 25.118830288210706
873 25.10326842032583
874 25.12884932331013
875 25.104384874987883
876 25.115427327438475
877 25.129179766119112
878 25.097150175539035
879 25.09708056565608
880 25.096294638205702
881 25.082836984699288
882 25.07810299195867
883 25.121207090072577
884 25.102170462167724
885 25.072620647222877
886 25.06983676033598
887 25.090915343456984
888 25.08407981315631
889 25.1253415943986
890 25.12647194915371
891 25.11279476797072
892 25.086231474011914
893 25.09228755073479
894 25.095749999906367
895 25.07510191503919
896 25.101671791444357
897 25.101657510219276
898 25.093678677130136
899 25.100153287726812
900 25.104394680030087
901 25.09726527968372
902 25.093218056958648
903 25.070706823869095
904 25.1019603900794
905 25.098022104101624
906 25.109398521575727
907 25.10756758192227
908 25.11330570823763
909 25.12714867933662
910 25.117486971519217
911 25.136862915585446
912 25.088596281101346
913 25.08492463217472
914 25.100080458878132
915 25.135676278411353
916 25.129257776295013
917 25.148515724236606
918 25.132732091361536
919 25.13374155843161
920 25.154505783052286
921 25.131914307187976
922 25.080211916875793
923 25.066037213183566
924 25.015904397252893
925 25.031789261469036
926 24.984728232629788
927 25.01124007261743
928 25.054793988700894
929 25.063676914301535
930 25.05525043085861
931 25.050381503011014
932 25.03493026072758
933 25.051732574440717
934 25.062974817106728
935 25.07652724345044
936 25.073737489081214
937 25.094969273363716
938 25.084352979830772
939 25.062276106713238
940 25.092654385078955
941 25.0951079735442
942 25.086767714191932
943 25.066513584966287
944 25.058158245597518
945 25.063983241651943
946 25.11233891495982
947 25.114595425710185
948 25.132756770382727
949 25.133551455422563
950 25.160135548173276
951 25.13031662674362
952 25.105822158688344
953 25.10477620727924
954 25.10693679605714
955 25.07917432762741
956 25.120267119704756
957 25.11411746170873
958 25.102183846902285
959 25.10884200290325
960 25.07613412936067
961 25.051566064024986
962 25.078559496474885
963 25.076802170509666
964 25.07858271260623
965 25.053957289852406
966 25.05462438647531
967 25.050388084399852
968 25.090422312533416
969 25.091276723349356
970 25.10197490248444
971 25.113090304346574
972 25.059702000082247
973 25.09289882376585
974 25.06563028163454
975 25.06137629998277
976 25.073211090290854
977 25.08018859022506
978 25.03876358555678
979 25.03897977019911
980 25.040023740729254
981 25.034222306221274
982 25.039150930898327
983 25.030293997019896
984 25.04233697353955
985 25.02964435428567
986 25.035388041990238
987 25.051650092126184
988 25.04081196106998
989 25.07163035427848
990 25.044086504516464
991 25.086636633404332
992 25.03911693357393
993 25.010568718072857
994 25.067406417260976
995 25.08704783817881
996 25.043189605607903
997 25.02311790527996
998 24.99798028630199
999 24.975416219483396
1000 24.975861053137574
1001 25.008650792462014
1002 25.05612066228638
1003 25.104660902061745
1004 25.085820634437415
1005 25.062094582712575
1006 25.071253037381776
1007 25.090255520202657
1008 25.11802729932312
1009 25.086370699926324
1010 25.041797294729655
1011 25.03375508724218
1012 25.074825961723292
1013 25.090561013650042
1014 25.101440624939187
1015 25.09808799802219
1016 25.125634152120774
1017 25.09584488490793
1018 25.090999766351505
1019 25.103893610066496
1020 25.093366567437936
1021 25.13300794563032
1022 25.105053617417465
1023 25.130045812930916
1024 25.122772150543188
1025 25.122421671631145
1026 25.13202011483996
1027 25.138464110415
1028 25.12637578601361
1029 25.095752793852782
1030 25.097071273414194
1031 25.059348299689248
1032 25.02798223807132
1033 25.061406729723103
1034 25.074251252787388
1035 25.083204368581264
1036 25.126987113720986
1037 25.09850453356661
1038 25.100528859572844
1039 25.106103251585427
1040 25.124537794969864
1041 25.13178477019388
1042 25.148707258931967
1043 25.14064727878688
1044 25.155265034697386
1045 25.111290077176392
1046 25.10173524652181
1047 25.120453397319217
1048 25.096287234046585
1049 25.088154547590808
1050 25.119599643245078
1051 25.09089414693079
1052 25.089698536017497
1053 25.064365200118807
1054 25.07207170181796
1055 25.082967985459362
1056 25.056780997862404
1057 25.08770427706077
1058 25.120079154868368
1059 25.13735531592684
1060 25.116027852572252
1061 25.108720151407677
1062 25.081131299247893
1063 25.094787633821145
1064 25.130589385348337
1065 25.116894777535567
1066 25.08793493681564
1067 25.096417194029748
1068 25.077465357851352
1069 25.076124975344293
1070 25.1143075864905
1071 25.1219487770469
1072 25.08862014328913
1073 25.098898297591713
1074 25.113310677107684
1075 25.12425129686578
1076 25.123232497571045
1077 25.15603317193304
1078 25.156143199868108
1079 25.13899433557991
1080 25.141585921760875
1081 25.151051174498633
1082 25.16631350432275
1083 25.188272033658258
1084 25.1520310292669
1085 25.113232224633993
1086 25.086863126317326
1087 25.090839138162934
1088 25.12622093424945
1089 25.11833481326199
1090 25.120752605736115
1091 25.12371496665921
1092 25.125941782745222
1093 25.12224729857471
1094 25.104511519012675
1095 25.110394005209795
1096 25.07973991810805
1097 25.071906979286485
1098 25.12022939035822
1099 25.125527203471634
1100 25.120321345232654
1101 25.135586787594953
1102 25.132812553619036
1103 25.09847055717344
1104 25.109365253664397
1105 25.162737194402435
1106 25.142292502692115
1107 25.083954596358517
1108 25.101651403609193
1109 25.06459683797867
1110 25.03454031621246
1111 25.03424136728132
1112 25.02610276210666
1113 24.996094574602616
1114 25.036844605037768
1115 25.02298613022295
1116 25.044272132337287
1117 25.06821505627052
1118 25.061808917248374
1119 25.08221438495879
1120 25.083248895190476
1121 25.084471171151407
1122 25.040144047411683
1123 25.091246324868646
1124 25.086502184383964
1125 25.07898712337311
1126 25.09104074390837
1127 25.079077442245772
1128 25.020990654480933
1129 25.038782527624033
1130 25.04722662074317
1131 25.07183651957988
1132 25.08443664226969
1133 25.067258473100047
1134 25.075615192527874
1135 25.055130159433237
1136 25.080546944332347
1137 25.06707820812028
1138 25.06149027245936
1139 25.063336563350088
1140 25.059814534345183
1141 25.04983221387552
1142 25.02174287107527
1143 24.991263894170686
1144 24.971549307267132
1145 24.972349749298544
1146 24.972174578641436
1147 24.998553180733452
1148 24.9773832227349
1149 24.979270372299254
1150 25.00825924051114
1151 24.9933596595808
1152 25.022532436722894
1153 25.037238881243876
1154 25.059378299720247
1155 25.068821965130915
1156 25.06212532026652
1157 25.042044299440438
1158 25.01110592162333
1159 24.98577151140367
1160 24.979538506305552
1161 24.986421945806136
1162 25.034876662123256
1163 25.03576788968345
1164 25.017583593037248
1165 25.030118591698947
1166 25.075268283518152
1167 25.080434177333004
1168 25.03169622637243
1169 25.036381377870672
1170 25.026359665677976
1171 25.054536463449356
1172 25.087906653732354
1173 25.052241978519454
1174 25.04757787577674
1175 25.083753794389413
1176 25.086360448610193
1177 25.058501114395956
1178 25.04460426890934
1179 25.05886256799908
1180 25.06849340391318
1181 25.033804267189872
1182 25.029727471139264
1183 25.0531205944393
1184 25.084317127308154
1185 25.03367284049703
1186 25.04351732755734
1187 25.03130196649637
1188 25.029069645044608
1189 24.99880607802446
1190 25.005228054875616
1191 24.983275699773397
1192 24.994335553887673
1193 25.023963590860653
1194 25.043608696532143
1195 25.054368886663706
1196 25.076309944043366
1197 25.09911380575232
1198 25.082284206999105
1199 25.09903014769214
1200 25.046567542207185
1201 25.025584035760364
1202 25.04771597224168
1203 25.0568088274029
1204 25.06382379491916
1205 25.120071045369432
1206 25.12116536488892
1207 25.122005619741575
1208 25.112036992612392
1209 25.11103082598158
1210 25.129498466356704
1211 25.150238721541783
1212 25.14933735309346
1213 25.127691675517365
1214 25.08427622399194
1215 25.098919511579556
1216 25.11283942157315
1217 25.12436084209801
1218 25.1221491423417
1219 25.07716457520933
1220 25.085714050927468
1221 25.09305945972393
1222 25.1012502907256
1223 25.08595327704063
1224 25.07712970011778
1225 25.066109728944618
1226 25.09650617570666
1227 25.07565485619611
1228 25.088127691457824
1229 25.047888258677364
1230 25.024258631278013
1231 25.083066837628643
1232 25.089964244981967
1233 25.066392621628268
1234 25.070743335414303
1235 25.070521057617544
1236 25.073625563830912
1237 25.034099022028013
1238 25.06229223329396
1239 25.07104126713872
1240 25.055818251228335
1241 25.04092936082719
1242 24.99303171943518
1243 25.03265594261057
1244 25.0386700983113
1245 25.02754760211323
1246 25.0532257818163
1247 25.04538596228228
1248 25.030712965789213
1249 25.0347416774569
1250 25.040234141324422
1251 25.03436103058371
1252 25.03710436411985
1253 25.036815775658088
1254 25.02422317934107
1255 25.025823469996432
1256 24.98748932136639
1257 24.99124232717936
1258 24.990690053144256
1259 25.006602552780844
1260 25.039478539250336
1261 25.071490797560216
1262 25.05407422131464
1263 25.072694049484905
1264 25.127349362823573
1265 25.089732431325388
1266 25.021179574999564
1267 25.000412880587458
1268 24.999297735405023
1269 25.006398455089922
1270 25.047794464573563
1271 25.051847284749726
1272 25.061491055708213
1273 25.082852372577385
1274 25.059271100012005
1275 25.037297819519782
1276 25.076843050374954
1277 25.056065794264615
1278 25.059843291290093
1279 25.02649501739926
1280 25.023803612789298
1281 25.02882270591373
1282 25.01173579829658
1283 25.005804291797553
1284 25.001626187027547
1285 25.000886717282768
1286 25.028367184902184
1287 25.041444973746714
1288 25.016292428813312
1289 24.992095277695974
1290 25.011542620008864
1291 25.042460280471015
1292 25.090284560790945
1293 25.081906388150248
1294 25.09697614391497
1295 25.10704273662267
1296 25.119455084238357
1297 25.07452935239033
1298 25.067923941739824
1299 25.050883926308025
1300 25.03522267588122
1301 25.051239522640024
1302 25.07645598593347
1303 25.063531333290026
1304 25.060404937553884
1305 25.053958612490863
1306 25.035156329653848
1307 25.01906330655092
1308 25.008500946326738
1309 25.015415264956708
1310 25.01392330464553
1311 25.04010112002003
1312 25.046440619567527
1313 25.0512325594946
1314 25.071224303469354
1315 25.016597380343715
1316 25.072418578220773
1317 25.079168214594592
1318 25.04143828275984
1319 25.05843181876208
1320 25.05397659411845
1321 25.057584138956305
1322 25.065435812251653
1323 25.097362472256087
1324 25.071756461101884
1325 25.06654343446945
1326 25.0368022977472
1327 25.010651370841458
1328 25.033379731329717
1329 25.027888280448416
1330 25.018909194578097
1331 25.009632183094194
1332 25.04056096795469
1333 25.01810711326311
1334 25.02141391720437
1335 24.984516551960038
1336 25.02097727295172
1337 25.03391250743164
1338 25.042937945432676
1339 25.0374592024913
1340 25.073120461113508
1341 25.050988507664293
1342 25.058396690039245
1343 25.057700082611003
1344 25.043786785454532
1345 25.069570700112326
1346 25.06644330321969
1347 25.02482847335825
1348 25.044519790812593
1349 25.028650959064553
1350 25.03761947237355
1351 25.01134519907825
1352 25.006771751819247
1353 24.99361615410976
1354 25.022947494395503
1355 25.042625179140423
1356 25.030430264837968
1357 25.011332219183558
1358 24.99869378319435
1359 25.044852360322217
1360 25.00582515244334
1361 25.033169628091922
1362 25.004776301897333
1363 25.051966126084725
1364 25.012006297650196
1365 24.990114983558286
1366 24.99165501666814
1367 24.97014933232677
1368 24.951976104492434
1369 24.963813168350708
1370 24.957937069689642
1371 24.97103322936002
1372 24.972010206253696
1373 24.993073334088646
1374 24.968942181946733
1375 24.99237976553131
1376 25.046342032651868
1377 25.073998564978695
1378 25.056835053485848
1379 25.040939290376677
1380 25.04885448659312
1381 25.029845417399304
1382 24.99422811297126
1383 24.98572471023543
1384 24.979503989834736
1385 25.007937752562672
1386 24.994890820581354
1387 24.994797291959426
1388 24.986388504443024
1389 24.971576249079085
1390 24.984092570272647
1391 24.97785279153037
1392 24.99095323394993
1393 25.01415891112603
1394 25.046654601221515
1395 25.071320851072922
1396 25.069974270738467
1397 25.03000160841203
1398 25.043572937403717
1399 25.058181572270502
1400 25.061621651144648
1401 25.073482683546484
1402 25.067706537409318
1403 25.01975069130771
1404 25.022635563174436
1405 25.002828785426157
1406 25.022697900567344
1407 25.057157278492667
1408 25.054731755988858
1409 25.0315237005073
1410 25.026751987944724
1411 25.004418813474786
1412 24.984733081871358
1413 24.997102487125808
1414 24.99061829850648
1415 25.006769331919305
1416 25.006472640805875
1417 25.02827510404889
1418 25.004668526871072
1419 24.99725521258097
1420 25.021101907118123
1421 25.050529671601044
1422 25.057541199436017
1423 25.02429232157695
1424 25.02911188039588
1425 25.044576214756326
1426 25.03296929309128
1427 25.025932767449234
1428 25.031543969123017
1429 25.092640927985588
1430 25.12011634461482
1431 25.0812921959602
1432 25.06702410770621
1433 25.05262593279375
1434 25.048023409235636
1435 25.03121401851957
1436 25.02248943115905
1437 25.011942262187116
1438 24.97997868870138
1439 24.958175747007346
1440 24.938148484214288
1441 24.955844716951507
1442 24.968645756063225
1443 24.982315751423496
1444 24.990650476268222
1445 24.994841127316253
1446 25.010767047754808
1447 25.001585645075334
1448 25.012478511976354
1449 24.993702227719755
1450 24.987031462442086
1451 25.0120498034948
1452 25.012312318505888
1453 25.02867511667998
1454 25.021018857002897
1455 25.05206500426418
1456 25.0226360381665
1457 24.995420775967833
1458 24.988539402653235
1459 25.016027924733546
1460 25.01077604335195
1461 25.00215771791259
1462 24.972660522364226
1463 24.962661146173026
1464 24.966654538061402
1465 24.976432235599283
1466 24.979025026875465
1467 24.96716946291647
1468 24.962209284796266
1469 24.963859497224675
1470 24.982831665738228
1471 24.98303464928118
1472 24.956319408854416
1473 24.96523189510454
1474 24.98279898912106
1475 24.9852907024224
1476 25.00768223485326
1477 24.989094708649287
1478 24.988901634175384
1479 24.982977650536686
1480 24.953036762722093
1481 24.968827476662156
1482 25.017429113878844
1483 25.040388313757994
1484 24.998391987273212
1485 24.98162535236463
1486 24.97046307222025
1487 24.978355795283985
1488 25.034012581821464
1489 25.001143666425158
1490 24.996621802461558
1491 25.012780271150483
1492 25.01843155268493
1493 25.024631723114187
1494 25.016550757692908
1495 25.02665943012078
1496 25.060504678679678
1497 25.06683033992158
1498 25.03571968188754
1499 25.05716878280007
1500 25.081605671196133
1501 25.083100250791585
1502 25.08038383829525
1503 25.085315458540634
1504 25.070295410528207
1505 25.02358761965407
1506 24.978423983277366
1507 24.96952686565735
1508 24.94745350502097
1509 24.950822110716928
1510 24.952525667858666
1511 24.947956127175882
1512 24.934136761460522
1513 24.97962381092742
1514 24.963895099475625
1515 24.94907658146392
1516 24.97525982450883
1517 24.99364919688967
1518 24.981183466266287
1519 24.963622045978646
1520 24.97341068965958
1521 24.978457713066497
1522 24.988255000320873
1523 25.0098810205105
1524 25.036357022737036
1525 25.07916228712437
1526 25.079820035179072
1527 25.066721940270078
1528 25.035562658084746
1529 25.017744141000996
1530 25.01168383339313
1531 24.986097132154075
1532 24.990679378114727
1533 24.971120444432962
1534 24.98188312333008
1535 24.9693878653835
1536 25.02339793901378
1537 25.002224065875936
1538 25.011619983845968
1539 24.98872787317037
1540 24.980987124746306
1541 24.989619688942543
1542 25.016478612916927
1543 25.027462214137252
1544 25.000379515889257
1545 25.007867900493874
1546 25.018406226101124
1547 25.060839043340383
1548 25.051589148293544
1549 25.033949614890748
1550 25.01651776478396
1551 25.004842543634133
1552 25.002164508994476
1553 25.003555643657297
1554 25.02173451446243
1555 24.998019293104857
1556 24.99517702784613
1557 24.97766872444291
1558 24.983433000982778
1559 25.00557123105662
1560 25.005425560052462
1561 25.01485712721932
1562 24.968884970453054
1563 24.95334013782835
1564 25.00435752318077
1565 24.973995450436576
1566 25.000050494486185
1567 25.00877623139676
1568 25.010311667027935
1569 25.01579993877758
1570 25.024631733566068
1571 24.982633076743493
1572 25.016643548459747
1573 25.02598610068121
1574 25.02099732224122
1575 25.011346261995453
1576 25.02398339687181
1577 25.06302913501369
1578 25.045275260470188
1579 25.004038592729742
1580 25.001339035270647
1581 24.995454344867365
1582 25.005547784498198
1583 25.00493185057686
1584 25.02037791073049
1585 24.988125133723166
1586 24.994803352771406
1587 24.98893836329392
1588 24.982213034018546
1589 24.988491517889106
1590 24.96461014703248
1591 24.937127319666207
1592 24.936835737356436
1593 24.959365952289964
1594 24.962921206354174
1595 24.923368060146487
1596 24.955091201792058
1597 24.977589544165788
1598 25.001528157922014
1599 24.976355665851276
1600 25.00826065637133
1601 24.991030273380442
1602 25.017534272865277
1603 25.00317199514154
1604 24.99725947542284
1605 25.032731891411803
1606 25.04577767026594
1607 25.054472561619598
1608 25.069761504750616
1609 25.08079720577126
1610 25.026732776944332
1611 25.047347344590715
1612 25.0405588958908
1613 25.03759793226192
1614 24.991360556356483
1615 24.952478339225173
1616 24.942357893192117
1617 24.98508886111415
1618 24.979000439693188
1619 24.98260821881248
1620 24.995662342678482
1621 24.97825381613276
1622 24.98341271609825
1623 24.974182635460036
1624 24.95659622758305
1625 24.964606894238052
1626 24.949083151905146
1627 24.95403221444086
1628 24.96025019028595
1629 24.95121670471489
1630 24.95986746939453
1631 24.93536405254259
1632 24.939758786739816
1633 24.944292526740114
1634 24.9596860284234
1635 24.995991783491274
1636 24.985678503052178
1637 24.986215134562997
1638 24.94455947210162
1639 24.91402351474679
1640 24.9276476913368
1641 24.92172079948028
1642 24.93673404046386
1643 24.914022641008952
1644 24.971274372927247
1645 24.959756681267795
1646 24.97418183344193
1647 24.97218979480339
1648 24.96466440782928
1649 25.011725388434318
1650 25.01597189778817
1651 25.009096885442027
1652 25.0092437896876
1653 25.01848548091262
1654 24.99322572372993
1655 25.020936779495546
1656 25.015765116713936
1657 24.999548418357218
1658 25.008867253502274
1659 25.03300253160307
1660 25.019817346249784
1661 25.02986057939095
1662 24.99814219805064
1663 25.008486825723065
1664 24.996795705804637
1665 25.035352681484742
1666 25.04574858343711
1667 25.055658102393814
1668 25.025196456355808
1669 25.00307797092293
1670 25.047923203300616
1671 25.01490442689447
1672 25.022110007798194
1673 24.987764986334916
1674 24.98557143238395
1675 24.989025086157408
1676 24.98544488210064
1677 25.01300745301817
1678 25.020078641378753
1679 25.029680221846018
1680 25.035343091533292
1681 25.03012040108172
1682 25.013103120610968
1683 25.051859567787407
1684 25.048127371423934
1685 25.07250990655521
1686 25.055738450277918
1687 25.0651108738256
1688 25.051945202440088
1689 25.01765042033376
1690 25.01989096389287
1691 25.015984180941746
1692 24.976212945488083
1693 25.015659322827148
1694 25.000408557546344
1695 25.019038838438213
1696 25.019412788846363
1697 25.037468954631976
1698 25.031014721163892
1699 24.997503816388054
1700 24.979466065550866
1701 24.97336654181306
1702 25.006451476218423
1703 25.01070720993628
1704 25.028937452157493
1705 24.986213663309137
1706 24.973387244424902
1707 24.99103016147021
1708 24.99745896399769
1709 25.00848191899989
1710 25.001068771306066
1711 24.993579514617846
1712 24.98719703438905
1713 25.000946316762114
1714 24.985875745404183
1715 24.94045967987757
1716 24.961689081613034
1717 24.960101881450697
1718 25.0062866069338
1719 25.007600860820045
1720 24.983517382996933
1721 24.987293764013195
1722 24.999533264498677
1723 24.96856415801941
1724 24.993542181572927
1725 24.975194014489567
1726 24.96616726305156
1727 24.995900095344794
1728 24.988391316733455
1729 24.997749587941033
1730 25.03906250562597
1731 25.015389912461558
1732 25.01433654537064
1733 25.031984035865463
1734 25.021446709916695
1735 25.029671962156428
1736 25.024587006484605
1737 25.01285783937916
1738 25.038292726322947
1739 25.06924836929282
1740 25.0652129405226
1741 25.070189208208202
1742 25.04424393082497
1743 25.02733652034404
1744 25.030777594435826
1745 25.044020128748773
1746 25.05627335609741
1747 25.034407006189056
1748 25.05624713224986
1749 25.04544635312481
1750 25.047650634005777
1751 25.057329865200867
1752 25.042747972013352
1753 25.073606352743468
1754 25.042261602105096
1755 25.055965139623723
1756 25.053823776595802
1757 25.034487966649845
1758 25.089783691118242
1759 25.096095382375424
1760 25.071111198938887
1761 25.087435260881765
1762 25.032639368337648
1763 25.024663597685624
1764 25.062476345860986
1765 25.076054181029075
1766 25.070524806337872
1767 25.061148176969205
1768 25.030518254616855
1769 25.045294854855335
1770 25.02837127147982
1771 25.022028264194027
1772 25.037896457829998
1773 25.040555610434623
1774 25.02051085579215
1775 25.025530433402917
1776 25.02407177635045
1777 25.036805402113973
1778 25.03536172571379
1779 25.024310121098257
1780 25.021148834640773
1781 25.02130253225138
1782 25.059576328175723
1783 25.072520550495714
1784 25.07750630856828
1785 25.07628381484728
1786 25.077587394421265
1787 25.055680126389227
1788 25.04927739358652
1789 25.073376248055943
1790 25.06606014195898
1791 25.078736636687985
1792 25.009473697868863
1793 24.998926144410593
1794 25.041420578732495
1795 25.0420629720431
1796 25.029145227425115
1797 25.032180390152003
1798 25.026466657072504
1799 25.013082832536597
1800 25.009507219514195
1801 24.992471549082985
1802 25.002882832030476
1803 24.992726717392735
1804 25.005716636731464
1805 25.00441325602321
1806 24.98470677294076
1807 25.011480348437015
1808 25.025450210410487
1809 25.034387744031232
1810 25.014039648009188
1811 24.996346354422876
1812 24.98916044611397
1813 24.994035173549427
1814 25.0265328893216
1815 25.00814215542095
1816 25.074007605460512
1817 25.034538270057684
1818 25.03015834263483
1819 25.041435928168585
1820 25.03085186196926
1821 25.057397189044405
1822 25.026449898767527
1823 25.029535619863225
1824 25.033828048163606
1825 25.04304707266876
1826 25.02717611881784
1827 25.044821526591626
1828 24.989949360414872
1829 25.017840550321992
1830 25.031399800706062
1831 25.048013407712418
1832 25.064792726169724
1833 25.05561315532178
1834 25.063430225555162
1835 25.016229991927606
1836 25.033147032314815
1837 25.04229393631876
1838 25.055492113101174
1839 25.04185171437312
1840 25.01342404488335
1841 25.002360037515256
1842 24.978033819934275
1843 24.998135993270115
1844 24.97240543859504
1845 24.98537622685604
1846 24.96364405727607
1847 24.99919552716637
1848 25.041763513754628
1849 25.026091322156095
1850 25.029129199296545
1851 25.009618817146492
1852 24.97831637116051
1853 24.97554881880958
1854 24.97293830551928
1855 24.96816587642991
1856 25.00406092570598
1857 25.0529086050492
1858 25.042273070323663
1859 25.04173456419405
1860 25.032475538174456
1861 25.02701934100355
1862 25.038933966943212
1863 25.04606068898157
1864 25.05410854512294
1865 25.074069753222837
1866 25.04775772282406
1867 25.03194289212994
1868 25.023504212758883
1869 25.01039131042307
1870 25.030461751172727
1871 25.036065234219432
1872 25.023403616381994
1873 25.00278159498905
1874 25.02278503381276
1875 25.015519700952844
1876 24.99693752932966
1877 25.023705517086718
1878 25.034370725206685
1879 25.042476193553167
1880 25.02853453629618
1881 25.019761597007935
1882 25.014350682231303
1883 25.03628477877872
1884 25.027156590012872
1885 25.03896034838053
1886 25.03736825927374
1887 25.033302020258162
1888 25.023129524034427
1889 25.02040419696371
1890 25.03684412332476
1891 25.046118222243916
1892 25.059657569683168
1893 25.057369865007743
1894 25.029894057693852
1895 25.042803629446276
1896 25.001417289596617
1897 24.975555774914856
1898 24.97775961587635
1899 24.973410067041918
1900 24.976037721623264
1901 24.960078658894908
1902 24.95036409669366
1903 24.957520630685448
1904 24.953065568599847
1905 24.976627308637894
1906 25.004271324396914
1907 24.9725686777497
1908 24.934534288686432
1909 24.939869289899086
1910 24.942547554999138
1911 24.985614874928476
1912 24.97627148317
1913 24.973894117021196
1914 24.977826432190366
1915 25.030901076467003
1916 25.046455625446274
1917 25.03686806616298
1918 25.034426794680375
1919 25.021295522803076
1920 25.01950781343421
1921 25.00629976310091
1922 25.04424243157596
1923 25.02815575484152
1924 24.988322764095532
1925 24.965832710950597
1926 24.9945754779016
1927 25.018417529052147
1928 25.0417346873192
1929 25.07149721569942
1930 25.035628205577517
1931 25.041304775814144
1932 24.996146431540392
1933 25.00774801556056
1934 25.01095661592272
1935 25.021359274783975
1936 25.042080947714936
1937 25.04686124310941
1938 25.063400002292212
1939 25.030603411388157
1940 25.011347560134304
1941 24.98816162870971
1942 24.997742537387097
1943 24.959998822671462
1944 24.952346982277415
1945 24.943589011933955
1946 24.977513590558253
1947 24.91316008911776
1948 24.946237668363704
1949 24.95876691986357
1950 24.95777250711784
1951 24.959044413078427
1952 24.995028555686417
1953 25.0292575661613
1954 25.070470179502227
1955 25.043666195598426
1956 25.0029111331806
1957 25.03441404207317
1958 25.013192643176843
1959 25.035006926226973
1960 25.032997722841955
1961 25.025371019420515
1962 25.06485767154049
1963 25.04959289202416
1964 25.044646618399984
1965 25.06559992996546
1966 25.053823275608835
1967 25.074901857158576
1968 25.05211633529567
1969 25.049735422044716
1970 25.045542620982697
1971 25.06485703197434
1972 25.07711648230978
1973 25.07621974447565
1974 25.071552589892864
1975 25.08206987066432
1976 25.042390761197616
1977 25.038528393337426
1978 25.01664472720091
1979 25.00132926714203
1980 24.99003584618697
1981 25.01246397600015
1982 25.02672382488531
1983 25.057448296901605
1984 25.095056758364333
1985 25.064511768622047
1986 25.055890198976414
1987 25.089851763092856
1988 25.070476339139773
1989 25.085765091463426
1990 25.065552688757695
1991 25.02439164922439
1992 25.06022938307441
1993 25.06019151702796
1994 25.106248091618593
1995 25.10776104516189
1996 25.10252896716795
1997 25.09965623308622
1998 25.088592263405847
1999 25.085066749572782
2000 25.089103371281464
2001 25.100049337149684
2002 25.08662568601789
2003 25.10618078859605
2004 25.083222052940574
2005 25.068021122042968
2006 25.048229329548025
2007 25.045512973256532
2008 25.05876417336967
2009 25.035845046416433
2010 25.032413128050987
2011 25.05568716474037
2012 25.062243152818326
2013 25.04015825517658
2014 25.02865139236899
2015 24.99991039087726
2016 25.00710286168034
2017 24.975373124859352
2018 24.988657559336517
2019 25.00209387523987
2020 25.002708993708403
2021 24.99913986089295
2022 25.026792000888832
2023 25.004546292410456
2024 24.962537552127042
2025 24.994067527127495
2026 25.043848016326663
2027 25.03891316972352
2028 25.049348788447517
2029 25.021268592654874
2030 25.01577075475025
2031 24.991890757395584
2032 25.014357052479255
2033 25.04034450572439
2034 25.045855574671435
2035 25.080907496726816
2036 25.096538348841797
2037 25.08740847214621
2038 25.098744545168685
2039 25.042365838458988
2040 25.04287083949079
2041 25.0737905540672
2042 25.061942010590638
2043 25.06415357137127
2044 25.026108440356673
2045 25.04069798508176
2046 25.01683158904657
2047 25.004177993017322
2048 24.944898386342864
2049 24.964493154598234
2050 24.970857102061334
2051 24.974306580504408
2052 24.95645290065011
2053 24.97048578479638
2054 24.95551038860075
2055 24.947586335146745
2056 24.94881880582545
2057 24.966675015945
2058 24.96141678161673
2059 24.967474798289555
2060 24.948419679898166
2061 24.935945142162815
2062 24.930896924886802
2063 24.94877281884595
2064 24.92617091602897
2065 24.94085844352906
2066 24.91334416526223
2067 24.905239689980522
2068 24.941035700771753
2069 24.951358396365737
2070 24.952403099488738
2071 24.945172956809202
2072 24.93638232223498
2073 24.909227340855384
2074 24.921245923109193
2075 24.956777445054623
2076 24.958371283244848
2077 24.980994877868085
2078 24.96637036633885
2079 24.972007654247612
2080 24.98109197276769
2081 24.98434278442044
2082 25.018208192179696
2083 25.027648139305203
2084 25.038053378853352
2085 25.061101873863375
2086 25.053715808199666
2087 25.0362450970463
2088 25.047627503292833
2089 25.049925083154726
2090 25.06657322729722
2091 25.083390474635987
2092 25.0670370359615
2093 25.089447346068166
2094 25.103696489478562
2095 25.127159008615074
2096 25.111976446988717
2097 25.04872690476591
2098 25.04657748234792
2099 25.06119155060378
2100 25.07317587262307
2101 25.062640721341996
2102 25.06394896915303
2103 25.064478730327128
2104 24.980360876762866
2105 25.000818344538462
2106 25.01342718729045
2107 25.02540401278474
2108 25.04748387228154
2109 25.0275467245383
2110 25.01732743294466
2111 25.013261857106947
2112 25.037225882134482
2113 25.019847516471803
2114 25.026069157964148
2115 25.046181284307096
2116 24.980041261150035
2117 25.00174627442938
2118 25.017324565215624
2119 25.031676614564105
2120 25.023920772294687
2121 25.05277680405909
2122 25.04332464769005
2123 25.101563365003187
2124 25.103729652707706
2125 25.051237428059807
2126 25.00175793952494
2127 25.04288557769198
2128 25.034204347794347
2129 25.034956240317104
2130 25.00827949131594
2131 25.020347337085735
2132 25.021085314074057
2133 25.013029130111818
2134 25.04098040515992
2135 25.05623878885715
2136 25.024634682461514
2137 25.0523612639079
2138 25.065245400631795
2139 25.066069772711703
2140 25.104467784506046
2141 25.102179376038034
2142 25.108089147768105
2143 25.117042554364865
2144 25.092777752876888
2145 25.11428620216593
2146 25.092577434716684
2147 25.09744991424724
2148 25.109335399773233
2149 25.070038440222056
2150 25.03864870928315
2151 25.051014327471567
2152 25.050884954172865
2153 25.01434055121095
2154 25.005186372633688
2155 24.985348782778246
2156 24.996592214455255
2157 24.97844012749446
2158 25.031044243085166
2159 25.006338934940974
2160 24.98078978479038
2161 25.00185789576377
2162 25.005497494435357
2163 24.995555868235392
2164 24.973199126186522
2165 24.93860302281242
2166 24.941467124513302
2167 24.904687211825706
2168 24.928761877347302
2169 24.951109140401734
2170 24.968461735869038
2171 24.95594654374458
2172 25.005450276471024
2173 25.00459390149495
2174 25.039988251721628
2175 25.02540382334819
2176 25.018740159880807
2177 24.988003469896643
2178 24.996613471559616
2179 24.95009384896577
2180 24.96189774614448
2181 24.941309749933644
2182 24.926656736186366
2183 24.942229629968075
2184 24.931201629233115
2185 24.945584363954914
2186 24.965157960024115
2187 24.981459201306496
2188 25.018733733617037
2189 25.03052329972203
2190 25.00433758560866
2191 25.005088116609027
2192 24.991354948826142
2193 24.94536335025505
2194 24.95668108360931
2195 24.960830119937167
2196 24.98280440187724
2197 25.002290235020126
2198 24.959129971272603
2199 24.963205522881175
2200 24.965391633305302
2201 24.977026182949537
2202 24.98089962610696
2203 24.98985794179031
2204 25.024321241874055
2205 25.02499985059641
2206 25.022836765821445
2207 25.01854305827653
2208 24.968205588148113
2209 25.005360231557198
2210 24.986057805674907
2211 24.970242789577078
2212 24.99729036100382
2213 24.954013619627638
2214 24.927878003029026
2215 24.93615119922571
2216 24.95799666732937
2217 24.97796858998351
2218 24.959869617809755
2219 24.97999132268058
2220 24.971103696222627
2221 25.000675251770982
2222 25.00422163928844
2223 25.017202046424043
2224 24.995936043074312
2225 25.018116452701282
2226 25.04171109863354
2227 25.012148194327064
2228 25.01763726276007
2229 25.023559698888963
2230 25.04228443914133
2231 25.057765754397195
2232 25.030030531682293
2233 25.00440131885997
2234 25.03484368068077
2235 25.0441350136874
2236 25.064859000714257
2237 25.034105176565134
2238 25.0753350642258
2239 25.078919258949494
2240 25.07286633723984
2241 25.0892630085288
2242 25.070375538105683
2243 25.09831883276138
2244 25.070657480003828
2245 25.072599009173718
2246 25.096535001968384
2247 25.110765650690567
2248 25.10749414401248
2249 25.050768646842513
2250 25.067418887847655
2251 25.024216918976855
2252 25.08169868348294
2253 25.093546291448618
2254 25.081975552464517
2255 25.097266219402446
2256 25.1066150175861
2257 25.109018284535026
2258 25.09535838977273
2259 25.0754436489931
2260 25.054499503540633
2261 25.024272164659195
2262 25.01430034587705
2263 24.9997249352027
2264 25.000944516366886
2265 24.978264983795174
2266 24.969871021350617
2267 24.986913352111696
2268 25.01088395797768
2269 25.009586420061996
2270 24.987715307626054
2271 24.996858015658415
2272 25.024238101990704
2273 24.996094264494968
2274 25.015900377412027
2275 25.007504023324532
2276 25.00481611664847
2277 25.042092988647912
2278 25.03998954651682
2279 25.039206884835174
2280 25.026284233395174
2281 25.01880407024322
2282 25.000801466234968
2283 25.053624004985327
2284 25.01191225494835
2285 24.972351345038085
2286 24.99933276545857
2287 24.987478547794957
2288 24.978657809971285
2289 24.973030468714885
2290 24.950005369750286
2291 24.96317336039501
2292 24.99817312054848
2293 24.99817055697749
2294 24.97941210582621
2295 24.991127282022877
2296 24.99185080546478
2297 25.007092965049782
2298 25.038105339746146
2299 25.031460376936128
2300 25.000054078063464
2301 25.023737842715057
2302 25.016189714832194
2303 25.01628144707855
2304 25.05235013415668
2305 25.044754878544186
2306 25.05054056857002
2307 25.056764094330166
2308 25.0363139971827
2309 25.013472220614535
2310 24.980806766680413
2311 24.97685010798985
2312 25.03361991375187
2313 25.0062270204178
2314 24.957160409812285
2315 25.006863791723422
2316 25.013167707260113
2317 25.02511624144188
2318 25.014999026803324
2319 25.019475226834537
2320 25.043777681804432
2321 25.010210292965393
2322 24.981857655333513
2323 25.000500811481345
2324 25.010125433508218
2325 25.022571730853485
2326 25.047481306244713
2327 25.081984701659046
2328 25.08461996276471
2329 25.068347925916353
2330 25.034226421842245
2331 24.97389203537369
2332 24.985193298097016
2333 25.009341951354635
2334 24.977215455210864
2335 24.982888324948455
2336 25.00901008209455
2337 24.997417553271855
2338 25.028361501690622
2339 25.014111682760884
2340 25.046833590034083
2341 25.018537113113304
2342 24.988987477549017
2343 25.00655058242233
2344 24.988339005456588
2345 24.992391944587343
2346 24.983924174065084
2347 24.99477873260329
2348 24.964422405875425
2349 24.965916506253144
2350 24.958751441837517
2351 24.974648385480386
2352 24.952467784756628
2353 24.981811751723615
2354 24.9801853029356
2355 25.01551128577438
2356 25.019504692519792
2357 25.018147183578282
2358 25.022381772671835
2359 25.035068435774654
2360 25.057082193041694
2361 25.07013668109607
2362 25.056359273870612
2363 25.016474801179967
2364 25.009677126578026
2365 24.987324454168036
2366 24.975374923139096
2367 24.957579351406157
2368 24.92766033177144
2369 24.92453164157543
2370 24.921848113249037
2371 24.933723328287382
2372 24.92080559322753
2373 24.933325082622105
2374 24.967921998061144
2375 24.966876551721935
2376 25.00593094379277
2377 25.029556520260236
2378 25.002495872759628
2379 25.042119534554406
2380 25.02830129748247
2381 25.037096584759475
2382 25.01805032388386
2383 25.017303443092736
2384 25.03651985706604
2385 25.040755103357814
2386 25.04946542021175
2387 25.065919378866685
2388 25.055695747173818
2389 25.042421538340214
2390 25.002559444588048
2391 25.02574694192187
2392 25.038048770189565
2393 25.02957961710395
2394 25.043140657365313
2395 25.012487321621176
2396 25.017745245539327
2397 25.012881295077683
2398 25.021724069294816
2399 25.026420046385063
2400 25.002820583820068
2401 25.00020245286084
2402 24.98903124471942
2403 24.987075105525154
2404 25.009612422346457
2405 24.99326802551597
2406 24.985366162936316
2407 24.961089543257636
2408 24.982849311968803
2409 24.987903598222683
2410 24.996462537193047
2411 24.98271320600462
2412 24.98409758350011
2413 24.99248967395856
2414 25.02174946811624
2415 25.049238090151267
2416 25.028114392940648
2417 25.020108728961397
2418 25.030356198406913
2419 25.02983823466332
2420 25.030591060795444
2421 25.013172994260927
2422 25.022843838109917
2423 25.0249059967752
2424 24.991179957123116
2425 24.986568360024588
2426 25.007403582670698
2427 25.033577245932193
2428 25.011330176030093
2429 24.978860503918053
2430 24.98986526691495
2431 24.9813807346135
2432 24.963234155434296
2433 24.989967497970632
2434 24.986313669633347
2435 25.01262255886729
2436 24.968139513142702
2437 24.99198719692482
2438 25.016861237215913
2439 25.039299039970924
2440 25.05365278128438
2441 25.06019579598035
2442 25.035669032211697
2443 25.01253574600518
2444 25.047363796584087
2445 25.065010762273328
2446 25.07196791325493
2447 25.088659025832847
2448 25.051638362932987
2449 25.048921268323348
2450 25.06276227653644
2451 25.06849497802497
2452 25.10678111577048
2453 25.058542165311714
2454 25.095846147955967
2455 25.133967545705783
2456 25.11565415439172
2457 25.120623777088955
2458 25.101952693860984
2459 25.125717183136473
2460 25.050050733464595
2461 25.05176722867994
2462 25.06104864736411
2463 25.04206983974163
2464 25.060618678774645
2465 25.054677793934317
2466 25.058598373698302
2467 25.096574974001953
2468 25.036714236709788
2469 25.016505180114105
2470 25.028913963060003
2471 25.02141583076833
2472 25.016688274276472
2473 25.024870201837054
2474 25.039530399665523
2475 25.028290513940977
2476 25.024686940777872
2477 25.01048148166997
2478 25.017136775872263
2479 25.02210189104729
2480 25.001985496885595
2481 25.025801827256952
2482 24.990162282415206
2483 24.99070141661568
2484 24.996003908772405
2485 25.004105880436462
2486 25.030462847822236
2487 25.041105147547754
2488 25.081324220561477
2489 25.03542377890058
2490 25.03408994021109
2491 25.077507114779028
2492 25.115650706933607
2493 25.124244572223397
2494 25.128075899075416
2495 25.106566551927948
2496 25.085805113216267
2497 25.082192102961564
2498 25.054282828546604
2499 25.085843237879498
2500 25.06636339736247
2501 25.024729955321547
2502 25.01622611898905
2503 25.015742523588298
2504 25.048128322543825
2505 25.05752672436468
2506 25.04095475651531
2507 25.064297235646237
2508 25.062438841729993
2509 25.059766846292366
2510 25.04958016816126
2511 25.044945884620194
2512 25.013593667635586
2513 25.018191462903303
2514 24.9739432602341
2515 24.965279523505732
2516 24.97076211842851
2517 24.99718711958874
2518 25.04032978140187
2519 25.02144569952021
2520 25.043588186934812
2521 25.033968841170203
2522 25.07472103385823
2523 25.05321906500025
2524 25.035949749992287
2525 25.05485010629682
2526 25.084394976280887
2527 25.082628011191574
2528 25.05376012712105
2529 25.037721101425966
2530 25.024833738773182
2531 25.022648869100692
2532 25.016963899643564
2533 25.027560457209873
2534 25.005613168576343
2535 25.01745664140917
2536 25.021150319539263
2537 25.009209403121428
2538 25.024173406125104
2539 25.020109729807746
2540 25.053534115538923
2541 25.050957014519923
2542 25.08377413894775
2543 25.062086766549545
2544 25.052063970131073
2545 24.99184696928748
2546 24.966343055543792
2547 24.971209196833502
2548 24.9783296500434
2549 24.943909676674515
2550 24.947368424277215
2551 24.939441375120076
2552 24.950938680711058
2553 24.948786149366185
2554 24.94551627241675
2555 24.95676116096386
2556 24.965874631588164
2557 24.971055574932418
2558 24.994069192500692
2559 25.019177276670714
2560 25.026857289657087
2561 25.051356726476016
2562 25.0292430750676
2563 25.08598544879749
2564 25.06597272564581
2565 25.066356899194652
2566 25.042202096724893
2567 25.046626744877287
2568 25.034525342458945
2569 25.03533650258521
2570 25.015922151564038
2571 25.01937019482446
2572 24.98500976898018
2573 24.961475712629444
2574 25.002376031437333
2575 25.048243622470363
2576 25.070395226993554
2577 25.10387728987786
2578 25.12014641900896
2579 25.155511571744384
2580 25.11880579541135
2581 25.099169156858114
2582 25.094847408911267
2583 25.103707663000517
2584 25.083662255013525
2585 25.084848569255662
2586 25.094685389910655
2587 25.067031256285055
2588 25.03857971755961
2589 25.040857294430005
2590 25.0896985059521
2591 25.10792474172152
2592 25.113724308667866
2593 25.110091123705306
2594 25.089741683463615
2595 25.11838751890027
2596 25.125112419874768
2597 25.09342820196155
2598 25.082646063232477
2599 25.07535375355899
2600 25.06113049136723
2601 25.048997663607885
2602 25.06361301552254
2603 25.058634150519367
2604 25.03503910184177
2605 25.039169467151698
2606 25.027130132037914
2607 25.014576273839428
2608 24.994206864027664
2609 24.961533483831474
2610 24.959983006341115
2611 24.963220671652273
2612 24.9637628885202
2613 24.962593922596934
2614 24.992004081233013
2615 25.027322779936586
2616 25.067284932804153
2617 25.026210602366834
2618 25.0192981041279
2619 25.062717612961404
2620 25.04586394036177
2621 25.007171622699524
2622 25.012025570746356
2623 24.980975359732852
2624 24.97909099905458
2625 24.984741861702897
2626 24.965330883204082
2627 24.992348337808814
2628 25.008238795560512
2629 25.054504670671935
2630 25.040902580333704
2631 25.003945068893707
2632 24.979260430687642
2633 25.006480149468
2634 25.000898010680963
2635 25.01837729407553
2636 25.029486266579163
2637 25.016037414354674
2638 25.02931090084087
2639 25.00492807375468
2640 25.00946746575818
2641 24.984855539383197
2642 25.020164713984258
2643 25.04111870790937
2644 25.0935975242641
2645 25.060150576682073
2646 25.086967025287862
2647 25.059699558744153
2648 25.032272583171846
2649 24.993171397291192
2650 25.01193736628378
2651 25.013101790162132
2652 24.980908776039215
2653 25.02032651373576
2654 24.969015504348064
2655 25.018992580044777
2656 25.046705529015508
2657 25.056977429212736
2658 25.04195931405657
2659 25.045993599841275
2660 25.047503389355704
2661 25.030357602262228
2662 24.987733924567102
2663 25.001912594197986
2664 24.997096633446045
2665 25.049927456494306
2666 25.09370925871236
2667 25.092754707497015
2668 25.093609516831265
2669 25.05482531055923
2670 25.085177514906817
2671 25.05812482705596
2672 25.09028507699865
2673 25.09009921358397
2674 25.052090274545996
2675 25.03874416428086
2676 25.02983714144449
2677 25.016908359100587
2678 25.039883179502173
2679 25.031747769844152
2680 25.02978280582321
2681 25.048982779768398
2682 25.047774818966033
2683 25.03017225907711
2684 24.981098628402993
2685 25.01676763650113
2686 25.01931983877438
2687 25.028046033771258
2688 25.065429857459574
2689 25.06629894987676
2690 25.06854685213793
2691 25.080539194072717
2692 25.04766336226312
2693 25.024682290182234
2694 25.010290377291735
2695 24.998477028647926
2696 24.98972119239225
2697 24.968536728978425
2698 25.002594716888517
2699 24.986534847376493
2700 25.042739597458397
2701 25.01347619213923
2702 25.001083367098985
2703 25.043936550852376
2704 25.01064449842412
2705 25.036109871391506
2706 25.02032222939257
2707 25.011466316894026
2708 25.012551538132843
2709 25.026651190107415
2710 25.01809578925336
2711 25.022525905145333
2712 24.995492662378805
2713 24.984428528676577
2714 25.015684468058915
2715 25.010192738388195
2716 25.008334629553527
2717 24.993578578111148
2718 24.968352219919844
2719 24.970523945648868
2720 24.999467852734664
2721 25.037396371371475
2722 25.03988655887345
2723 25.007950534961783
2724 25.008797565682176
2725 25.00990365816478
2726 25.025430965009857
2727 24.987005841231557
2728 24.970713743952874
2729 24.995147978017616
2730 25.003950818967187
2731 25.039191434647446
2732 25.01287354365391
2733 25.017426736769714
2734 25.01815932149139
2735 25.005133776430807
2736 25.02518031276025
2737 25.049002406012768
2738 25.044704760900952
2739 25.045709152985975
2740 25.047511419984545
2741 25.0700570826093
2742 25.05027692514902
2743 25.0531945117633
2744 25.059766411878485
2745 25.073230164963682
2746 25.081392149996926
2747 25.062000232300832
2748 25.074063631803657
2749 25.06742366008854
2750 25.058159532786984
2751 25.07211918980885
2752 25.039239033596296
2753 25.099057782355903
2754 25.048298391000785
2755 25.047299457591855
2756 25.06431570258217
2757 25.005536004315903
2758 25.01703075719239
2759 25.01929086970391
2760 25.069858782414094
2761 25.046486716491525
2762 25.069720534308697
2763 25.04457108612525
2764 25.073189051488797
2765 25.085909507432973
2766 25.065314260553162
2767 25.069743462354147
2768 25.064844650705833
2769 24.998702508697612
2770 25.000972109356038
2771 25.015004827737652
2772 25.031163266569305
2773 25.010331345644897
2774 25.026610791431764
2775 25.069637732918586
2776 25.044697261056154
2777 25.038690730345742
2778 25.066939816921618
2779 25.0465484479335
2780 25.052974841690094
2781 25.056931544279955
2782 25.03578984246132
2783 25.048079833950677
2784 25.063382563155557
2785 25.03938822987247
2786 25.063678734517467
2787 25.063717739658202
2788 25.051802882341327
2789 25.04856862936189
2790 25.032085486335397
2791 25.062504655790953
2792 25.09241417914995
2793 25.063934010693007
2794 25.056203729088885
2795 25.059597580900324
2796 25.051269249129415
2797 25.077499786042146
2798 25.092661893776775
2799 25.08430012388287
2800 25.09114301276039
2801 25.063024085632424
2802 25.04694378465038
2803 25.022104590548746
2804 25.03333879993317
2805 25.040651671905824
2806 25.03117801242888
2807 25.043222205553796
2808 25.00902390365958
2809 24.98060682222269
2810 25.048114080184362
2811 25.037254575942775
2812 25.025642309360435
2813 25.055413864817847
2814 25.03250795094999
2815 25.015226336788885
2816 24.977134670214312
2817 24.971539758769485
2818 24.929806626014148
2819 24.964611604871287
2820 24.966736303767558
2821 24.978801262947453
2822 24.971590179175664
2823 24.98636965812579
2824 24.982610691153837
2825 24.99483293630401
2826 25.010520336343912
2827 25.040783684177008
2828 25.031538416335014
2829 25.050117098140433
2830 25.04306353747735
2831 25.02194504281762
2832 25.03114827397105
2833 25.003568416928285
2834 24.977883906789643
2835 24.97878281364617
2836 24.97282037894599
2837 25.017057765948316
2838 25.054128492286807
2839 25.02719500645504
2840 24.982309863533224
2841 25.008441984645344
2842 25.023888500305233
2843 25.033310586450458
2844 25.01157268094302
2845 25.02741082078198
2846 25.017126996394243
2847 24.974877620283287
2848 24.988264377093014
2849 24.99056870123595
2850 25.006617937312384
2851 25.020588357413832
2852 25.03788617462691
2853 25.06616812646508
2854 25.0860740906939
2855 25.06606622119227
2856 25.059439258758104
2857 25.058416589099913
2858 25.069243853747185
2859 25.054150559203922
2860 25.083747582459164
2861 25.116149366709685
2862 25.08518197449225
2863 25.048333977353767
2864 25.098718770700525
2865 25.051392703365938
2866 25.045259400285882
2867 25.089007687176306
2868 25.04815206123285
2869 25.041421774920483
2870 25.034502859392145
2871 25.041603093054867
2872 25.10466888648281
2873 25.056002852344683
2874 25.024028810406275
2875 25.027334603216556
2876 25.009196646944226
2877 24.98803175125993
2878 25.022516155773452
2879 25.020701851199657
2880 24.990503724851063
2881 24.973873356586424
2882 24.96740948714063
2883 24.9727545686771
2884 24.961957697541525
2885 24.964351896001098
2886 24.978952088532793
2887 24.995622330788272
2888 25.01650066415727
2889 25.07807360531255
2890 25.079618625085814
2891 25.07808177576664
2892 25.09578856417143
2893 25.08842114624972
2894 25.060139272491927
2895 25.050188868642557
2896 25.054622210324602
2897 25.01954203307502
2898 25.010921115587884
2899 24.990682569405408
2900 25.012881714810536
2901 25.009805237277188
2902 25.04043705151211
2903 25.05181836384983
2904 25.06147771359559
2905 25.06261613300965
2906 25.05854197191245
2907 25.091671107292267
2908 25.05811823401399
2909 25.06720721346524
2910 25.051867503928463
2911 25.056030678602237
2912 25.0311939574879
2913 25.026738735251314
2914 25.04224251724432
2915 25.040072008398138
2916 25.016580113955804
2917 25.017368909762645
2918 25.028426765361676
2919 25.018390238140505
2920 25.009541419776568
2921 25.00376255390036
2922 24.99018481304487
2923 24.986501710351025
2924 25.011340297647543
2925 25.00160986427131
2926 25.007571235412442
2927 25.03844075010481
2928 25.056965331186255
2929 25.03506230168665
2930 25.019098289341407
2931 25.059946777599162
2932 25.026334781298782
2933 25.049131797051096
2934 25.07533974391254
2935 25.035298304853722
2936 25.02583994339776
2937 24.994545045436098
2938 25.023453086329706
2939 25.0496763711861
2940 25.058693068051976
2941 25.025804367921314
2942 24.997804278370822
2943 25.032216645183436
2944 25.06783363599532
2945 25.06283175475733
2946 25.06655257195468
2947 25.096981683380882
2948 25.087722707552654
2949 25.090709061802837
2950 25.055028098273276
2951 25.077020200050935
2952 25.083708506117453
2953 25.032225336520895
2954 25.016592241714
2955 25.057599074302736
2956 25.06354280853761
2957 25.064546447368148
2958 25.066347273513372
2959 25.03743280970087
2960 25.049498232349716
2961 25.019382215767294
2962 24.965380695685827
2963 24.95660780192713
2964 25.018877531539157
2965 25.01985376382596
2966 25.000452237894176
2967 25.013580757312216
2968 25.038059655197504
2969 25.02363836738672
2970 25.036238976326985
2971 25.007437042004156
2972 24.999263994730185
2973 25.034408119350033
2974 25.04543058286704
2975 25.059207490389362
2976 25.042578618872906
2977 25.029191110128696
2978 25.024789072024102
2979 25.045151237718702
2980 25.055133189984392
2981 25.06285724462406
2982 25.049812096905672
2983 25.054426099385886
2984 25.066510629913616
2985 25.08604190309949
2986 25.073441883648634
2987 25.055530054545507
2988 25.038352316358967
2989 25.030617076532053
2990 25.016510924100157
2991 25.010528161457373
2992 25.033699787922913
2993 25.002221334488766
2994 25.037304506139016
2995 25.06075180009346
2996 25.049380901955256
2997 25.089176087013527
2998 25.0656765373132
2999 25.085971057901638
3000 25.096371332949502
3001 25.07996090643509
3002 25.07726440139177
3003 25.071836038363706
3004 25.044069375198877
3005 25.033798366132032
3006 25.045197264166323
3007 25.030335956339744
3008 24.99442107497336
3009 25.045945618214155
3010 25.040529860214743
3011 25.025087397306873
3012 25.035228324374305
3013 25.037102758136616
3014 25.026358470383713
3015 25.009037141181135
3016 25.023524774399444
3017 25.026194440718186
3018 25.063578587354844
3019 25.05141029151789
3020 25.04018087356628
3021 25.05412718950679
3022 25.090245701201063
3023 25.053102459116577
3024 25.026161817890603
3025 25.013601042070942
3026 24.9850651479079
3027 25.01419424207887
3028 25.032069358080207
3029 25.034819357265004
3030 25.036914036498967
3031 25.06337142493032
3032 25.052614551810372
3033 25.07845746222555
3034 25.048660176209594
3035 25.04007162910628
3036 25.05548860233602
3037 25.05828264378125
3038 25.08163517557496
3039 25.07364092121912
3040 25.0505356977064
3041 25.071222251571474
3042 25.06885769296751
3043 25.07608807875587
3044 25.09553009000088
3045 25.08803897829905
3046 25.08980684722232
3047 25.094547556993206
3048 25.08209165062004
3049 25.06989994776379
3050 25.068229400199908
3051 25.086158085455793
3052 25.039692935449892
3053 25.044195438058708
3054 25.06502886323866
3055 25.057122029924635
3056 25.03409834131697
3057 25.07360685234859
3058 25.09281244344961
3059 25.10861390484551
3060 25.149221293019078
3061 25.106192860824265
3062 25.09669898382172
3063 25.112987177976496
3064 25.11849182382002
3065 25.10675310652808
3066 25.088429260146032
3067 25.08279234637581
3068 25.077246832006878
3069 25.086905408702442
3070 25.07435829930103
3071 25.065269192437185
3072 25.027071168696295
3073 25.03305165773666
3074 25.013899237881375
3075 25.009386032625567
3076 24.98235599244641
3077 24.959777878553705
3078 24.94589849360436
3079 24.934161722216732
3080 24.94091016509626
3081 24.91382014666764
3082 24.92054408916719
3083 24.949903725914467
3084 24.930365870304595
3085 24.96461942494098
3086 24.97308249897172
3087 25.03310122489509
3088 25.032035832990275
3089 25.025661648830752
3090 24.979558320122877
3091 25.013970117685496
3092 24.975781253513794
3093 24.94405249572614
3094 24.914563318911373
3095 24.93634477362368
3096 24.961836645937407
3097 25.00294947346756
3098 24.9880663672122
3099 25.04964006396954
3100 25.046274765352468
3101 25.031090368827925
3102 25.01602922427173
3103 25.036687512833396
3104 25.02668437274229
3105 25.011293373427286
3106 24.960023792529718
3107 24.943814919260685
3108 24.982864771680294
3109 25.002505217022374
3110 25.04276808554325
3111 25.028665606687063
3112 24.98352779486087
3113 24.977347866289584
3114 24.976395701307215
3115 24.980501348752806
3116 24.970877393213286
3117 24.970570611492118
3118 24.981777693454095
3119 24.981027360104516
3120 24.972420422940345
3121 24.977507429583174
3122 24.958490664261266
3123 24.947624062789178
3124 24.937213936966383
3125 24.952056339994048
3126 24.968665378882807
3127 24.9800318486661
3128 24.988787758670252
3129 24.98488844594586
3130 25.000917649613964
3131 25.000597649209926
3132 25.017555436932902
3133 25.003567183089874
3134 25.0264001505528
3135 25.010804539008497
3136 24.97333411909363
3137 24.990700289711704
3138 25.01350301648279
3139 25.00844941405685
3140 24.99220886156382
3141 24.980925312523688
3142 24.97725733687903
3143 24.976871130913963
3144 24.993203605057108
3145 25.014888679573144
3146 25.003250497804398
3147 25.033552623473085
3148 25.02878052343416
3149 25.012890895064036
3150 25.009940615905276
3151 25.031434286442785
3152 25.06409822562184
3153 25.02322118319365
3154 25.0083040719251
3155 25.008547605575615
3156 24.99771505783337
3157 24.990282556562928
3158 24.98199991806722
3159 24.98941252354416
3160 25.020107418817744
3161 25.02160611629931
3162 25.026920051488705
3163 25.01282673073901
3164 24.986892763250793
3165 25.015663941693486
3166 25.005988064764576
3167 24.99426515633188
3168 24.983727309418235
3169 24.973721369535454
3170 24.999931759890455
3171 25.0223943135153
3172 25.006366096817306
3173 24.990567837185832
3174 24.975942198897716
3175 24.96433309688012
3176 24.965962067073676
3177 24.94743787326236
3178 24.988041390603563
3179 24.986685317432727
3180 24.96624617361902
3181 24.997424938876065
3182 25.018200198657215
3183 25.020968543245985
3184 24.99140471440609
3185 24.988826694473794
3186 25.04410561026986
3187 25.03765307734806
3188 25.043704190529102
3189 25.02153698063552
3190 25.031099948792175
3191 25.059309592332813
3192 25.01165759206381
3193 25.00844404825003
3194 25.020560068119742
3195 25.009436425460333
3196 25.024963064237067
3197 25.00145263304459
3198 25.006010502103745
3199 25.026722440885855
3200 25.028193346372372
3201 25.023720624121232
3202 25.01780491526525
3203 25.058396126570543
3204 25.036266011358418
3205 25.03339149655268
3206 25.018626781216817
3207 25.017892403277337
3208 25.028447325682166
3209 24.998113284161235
3210 24.994101997230707
3211 25.002549555761462
3212 24.98819412131126
3213 24.969623847847
3214 24.98600065964229
3215 25.008832251474605
3216 24.966946461873647
3217 24.981159664439183
3218 24.990286310757437
3219 24.975961159107747
3220 24.973206310216234
3221 25.056120847061962
3222 25.085877264039073
3223 25.099170914298966
3224 25.09109680274893
3225 25.07144282644363
3226 25.04150529107759
3227 25.049452655132452
3228 25.04388686087761
3229 25.02746537371118
3230 25.010529823176622
3231 24.996527705696057
3232 25.010207251425403
3233 25.015938835681144
3234 25.019284475684405
3235 25.01236421130635
3236 25.0020584839442
3237 24.9886209303529
3238 24.964580012807346
3239 24.967595310265153
3240 24.975066317139124
3241 24.9819476424837
3242 24.969417696368428
3243 24.953341477690152
3244 24.97056217541808
3245 24.971692285480746
3246 24.972008260141855
3247 24.916520182728917
3248 24.943191932125746
3249 24.995769750878516
3250 24.977881178745054
3251 24.982632926931586
3252 24.99592363283383
3253 24.961584195327596
3254 24.983953789006435
3255 24.992210347269797
3256 25.015657346917738
3257 25.014404790285738
3258 25.03149232751291
3259 25.018097280290792
3260 25.021829182175093
3261 25.002650328477593
3262 25.009888126537305
3263 24.98818020422761
3264 24.988731543309754
3265 24.977969950572678
3266 24.96210762744884
3267 24.973571144157052
3268 25.00598538536697
3269 24.994167149662452
3270 25.053135399049474
3271 25.05372890456721
3272 25.049840961344103
3273 25.040011106285892
3274 24.99689102641136
3275 25.00092373672905
3276 25.036350637712466
3277 25.038508423156948
3278 25.055472885764935
3279 25.02347349872436
3280 25.02799776393375
3281 25.053075215210324
3282 25.031632733841658
3283 25.033436393152307
3284 25.011101297808143
3285 24.993945007117915
3286 24.977856154741197
3287 25.037397349016032
3288 25.00242227842668
3289 24.983616012356112
3290 24.963372203058494
3291 24.97723349621642
3292 24.989933974638333
3293 24.981650885302063
3294 24.9779072505174
3295 24.98266097330039
3296 24.937310050805124
3297 24.935236392842864
3298 24.97495328658363
3299 24.974636449074396
3300 24.964454580430044
3301 24.970029857544986
3302 24.962749137793114
3303 25.002409881123864
3304 24.9915683350587
3305 24.97137342194167
3306 24.978452453313935
3307 24.9561982500631
3308 25.000891929910164
3309 25.01149094980892
3310 24.998756603318103
3311 25.0025163429465
3312 25.01390847674135
3313 24.981346184246252
3314 24.977245367955422
3315 24.995077404593754
3316 24.98197779966576
3317 24.98784575549563
3318 24.997069477427008
3319 24.98145798440202
3320 24.984846444142338
3321 24.965825553327697
3322 24.916606058821355
3323 24.88995148973766
3324 24.9255387808416
3325 24.930099423196427
3326 24.934444014496354
3327 24.967120572752687
3328 24.97813469750178
3329 24.99494617494917
3330 24.999261225481206
3331 24.99198338572407
3332 24.998027844605623
3333 25.020419696668885
3334 25.019813061610904
3335 25.018914432977223
3336 25.019402202570657
3337 25.01325490565526
3338 25.028647790536322
3339 25.072377163269852
3340 25.083655209602522
3341 25.058903732832057
3342 25.05696084080639
3343 25.036677369118262
3344 25.072974573495127
3345 25.069584354379316
3346 25.08709550289449
3347 25.100460009638393
3348 25.071802249637074
3349 25.030183635129138
3350 25.073977885158666
3351 25.024417645904467
3352 25.022326293729545
3353 25.036462168202593
3354 25.028500968073836
3355 25.023783396207087
3356 25.05133161954632
3357 25.042308195882658
3358 25.01591207090602
3359 24.99188361784304
3360 24.99561344187329
3361 24.98275394578945
3362 24.98733368910988
3363 24.975592012814193
3364 24.980021119869004
3365 24.994039280146435
3366 24.972989954063937
3367 24.936972053769036
3368 24.90985251249357
3369 24.926121480314986
3370 24.97444512765894
3371 24.961574278883894
3372 24.965021105137648
3373 24.969894685589264
3374 24.973631733411047
3375 24.97519356226384
3376 24.958143284965985
3377 24.989644771536632
3378 25.009209431928664
3379 24.99376977723002
3380 25.00526174380385
3381 24.972926735232214
3382 24.97797098834823
3383 24.988778872135303
3384 24.986068352900197
3385 24.973794806808744
3386 24.981562888081985
3387 24.970349068959074
3388 24.99204169441197
3389 24.99886100333941
3390 24.97605677723645
3391 24.953874864933056
3392 24.951588432149407
3393 24.930290818313104
3394 24.95081731825165
3395 24.95491126710864
3396 24.982955211375543
3397 24.97678780066772
3398 25.00178447816565
3399 24.989191925179345
3400 24.989334906225743
3401 25.001527028284254
3402 24.99170183604032
3403 25.00562945477853
3404 25.013170432692505
3405 25.013867296490037
3406 24.998071899012352
3407 24.982819005842384
3408 24.991463792772535
3409 24.989040491777903
3410 24.99782868667511
3411 24.971459398600487
3412 25.018503580741193
3413 25.04545863055998
3414 25.08110771324483
3415 25.066532492375778
3416 25.03263339166691
3417 25.017249929081284
3418 25.024587378465608
3419 25.033875296724315
3420 25.005716509999697
3421 25.01410299712135
3422 25.0230499666797
3423 25.04712526438233
3424 25.03984013765458
3425 25.039428422745118
3426 25.02345417101879
3427 25.01898708904269
3428 25.03880275582228
3429 25.031740608202036
3430 25.002411273539206
3431 24.98443089592462
3432 24.975606289081124
3433 24.99812055101504
3434 24.972377907009918
3435 25.00892215313226
3436 25.002350494572198
3437 24.998313978230097
3438 25.00502165047425
3439 25.027701412263166
3440 25.03433870575753
3441 25.042275060381943
3442 25.040166877969707
3443 25.065881173020948
3444 25.057969611136574
3445 25.04919526514318
3446 25.023972545552976
3447 25.02888662236671
3448 25.06569060155073
3449 25.09443064201549
3450 25.058070407022413
3451 25.052651002112736
3452 25.062221560537242
3453 25.051892354133045
3454 25.076574001416294
3455 25.062935593885648
3456 25.086609650173166
3457 25.086455313444134
3458 25.08695127052688
3459 25.112070629151276
3460 25.10874628900055
3461 25.11838519346863
3462 25.1310097399433
3463 25.12148413192496
3464 25.15314814193403
3465 25.16319468534742
3466 25.181360178415673
3467 25.12910706257223
3468 25.131515180486918
3469 25.13604221753857
3470 25.125448224944968
3471 25.14600921011754
3472 25.094095194826494
3473 25.111056277449457
3474 25.10536177284502
3475 25.087115794153156
3476 25.086882529079947
3477 25.097829889782385
3478 25.100940241870312
3479 25.117122960798152
3480 25.126996097765204
3481 25.092865455055833
3482 25.10250776977943
3483 25.13713267242829
3484 25.129420041200124
3485 25.101730086581785
3486 25.097088548881857
3487 25.082395952277253
3488 25.056810227257184
3489 25.061589736564923
3490 25.04872782895352
3491 25.041070923094406
3492 25.026946665497054
3493 25.022339304289947
3494 25.02335293793082
3495 25.000766511217872
3496 25.00269095264163
3497 24.987833819351536
3498 24.991522668802922
3499 24.942874758614533
3500 24.922082639655564
3501 24.941071888537213
3502 24.942698647837542
3503 24.91745452820392
3504 24.94087552776713
3505 24.95566996784336
3506 24.959609646165724
3507 24.994195091489043
3508 25.009544640585837
3509 25.010686909386727
3510 24.994252195988075
3511 24.997993568246375
3512 25.007788588608662
3513 25.008255041347283
3514 25.04078801896868
3515 25.049828051514357
3516 25.03761528413183
3517 25.029099614973124
3518 25.02550678863837
3519 25.008466364468585
3520 24.999365440188598
3521 24.99816276759731
3522 25.013483904144437
3523 25.016942468617703
3524 25.029831067484178
3525 25.027137965344927
3526 25.031481512152666
3527 25.0031088427344
3528 25.018538554917445
3529 25.03540912827961
3530 25.00018317024109
3531 24.96006450418604
3532 24.998494956702213
3533 24.981447862223607
3534 24.965248488081162
3535 24.964049458247324
3536 24.940754088612582
3537 24.95675317441923
3538 24.99716282676597
3539 24.97855993921709
3540 25.01364724535903
3541 25.03602908205251
3542 25.03522415522831
3543 25.062741405656606
3544 25.01648466530958
3545 25.014077246907327
3546 25.022420101238108
3547 25.030052164092666
3548 25.04475329798096
3549 25.07201387969117
3550 25.0862926704205
3551 25.07671903324431
3552 25.07045532960217
3553 25.04920578902274
3554 25.032815800485448
3555 25.036049918469416
3556 25.041675655041157
3557 25.054982495927057
3558 25.018619755840078
3559 25.018909247888413
3560 25.0307153760479
3561 25.01231611760679
3562 25.00534768997468
3563 25.022745973517868
3564 25.03174723754277
3565 25.0545338552937
3566 25.040088058238524
3567 25.05280763554691
3568 25.013404770939243
3569 24.987474768242393
3570 25.013448539787934
3571 24.99589353140436
3572 24.967031930793446
3573 25.003400592882148
3574 25.020870899225176
3575 24.988933797974386
3576 24.998021224345052
3577 25.04079087627325
3578 25.04763722868749
3579 25.06627848952677
3580 25.063932665712777
3581 25.071472086053355
3582 25.058767168038845
3583 25.062732474674913
3584 25.077313170164164
3585 25.111276701584114
3586 25.091091712345797
3587 25.071386456439708
3588 25.050674969184676
3589 25.068029086691475
3590 25.11026857359761
3591 25.076144981686483
3592 25.050573158625024
3593 25.077608140200702
3594 25.063237321198056
3595 25.041773375582412
3596 25.005465219154736
3597 25.03036173059748
3598 25.056172353038175
3599 25.020444921624446
3600 25.00475370212474
3601 24.967731862804065
3602 25.000844659319192
3603 25.02602444368797
3604 25.0746703699974
3605 25.08229045988757
3606 25.03519969211232
3607 25.004133753891907
3608 25.04650062856173
3609 25.02140898162807
3610 25.028309524495267
3611 25.019588049083744
3612 24.986890924220216
3613 24.972362854162697
3614 25.02378376534205
3615 25.0521307581045
3616 25.04954581992658
3617 25.040967152750994
3618 25.058292873778726
3619 25.05508092222202
3620 25.034797391092255
3621 25.042600966456973
3622 25.047991745146376
3623 25.022769036100897
3624 25.011280232629623
3625 25.041494129798156
3626 25.080737048829977
3627 25.08047918451795
3628 25.089584214159036
3629 25.069016061216885
3630 25.06472125026183
3631 25.088977994431467
3632 25.098455057452902
3633 25.1029496204574
3634 25.07838385852893
3635 25.095098858610008
3636 25.09043443164679
3637 25.10617646709556
3638 25.110042165235996
3639 25.110014380273753
3640 25.096242784957557
3641 25.094451645367986
3642 25.104448060934427
3643 25.129067833465385
3644 25.065595168792683
3645 25.078843887514076
3646 25.076838350553842
3647 25.04960926807514
3648 25.059348005797972
3649 25.062967938954664
3650 25.02794786206854
3651 25.027574382590625
3652 25.04578800091271
3653 25.02640415922304
3654 25.03192661433959
3655 25.049828834739216
3656 25.030126737551566
3657 25.06020708403
3658 25.090949078586007
3659 25.093033996562124
3660 25.076969951386452
3661 25.042997416757945
3662 25.02731845403555
3663 25.06787733595111
3664 25.08460420507286
3665 25.13511538508121
3666 25.113611582343307
3667 25.097785283286754
3668 25.09703799726023
3669 25.062066873021408
3670 25.06044237122765
3671 25.051998832634325
3672 25.027944159532435
3673 25.031769003510316
3674 25.028032464358436
3675 25.04869347610014
3676 25.02060815208211
3677 25.033245226161977
3678 25.074250105386405
3679 25.058574721520724
3680 25.06512255654088
3681 25.04055674317852
3682 25.059408609896384
3683 25.051061164816932
3684 25.074060779955765
3685 25.08837490443252
3686 25.059070282568452
3687 25.057707614209487
3688 25.043954756141563
3689 25.038993824969804
3690 24.98032041646639
3691 24.983015628085074
3692 24.979291081524686
3693 25.002109946331586
3694 25.01192549697171
3695 25.029817406603417
3696 25.003024266649675
3697 25.044362021490407
3698 25.032476405878484
3699 24.988760386852405
3700 24.98654334520062
3701 24.977962624243336
3702 24.993323434341214
3703 24.959054121740444
3704 24.970090315403656
3705 24.97689266708301
3706 24.944065232406512
3707 24.892018003879834
3708 24.915643518012114
3709 24.968889665015386
3710 24.954765160664966
3711 24.938065954714272
3712 24.987551191627013
3713 25.020224027337314
3714 24.987750974620415
3715 24.993807299672184
3716 25.000141623598957
3717 25.017596959138285
3718 24.997992859125326
3719 24.981431092497523
3720 25.01482075513815
3721 25.01757642158635
3722 25.015834668595303
3723 24.95363489339632
3724 24.947832901108114
3725 24.97773857271764
3726 24.99303837574788
3727 25.015543951001145
3728 25.0427359086923
3729 25.0728350865427
3730 25.046043248015966
3731 25.087061217832787
3732 25.0885033343386
3733 25.07680917393459
3734 25.078425002741685
3735 25.07462143277162
3736 25.035328706333527
3737 25.055243699256923
3738 25.027074516913675
3739 25.040553377709006
3740 25.010378956249625
3741 25.001449152840152
3742 25.048627102106508
3743 25.04846602200729
3744 25.00835427461117
3745 25.043178788523043
3746 25.02697949679778
3747 25.03394054815142
3748 25.03836559827903
3749 25.014067911292635
3750 25.04327977797856
3751 25.06510328210251
3752 25.047961581958333
3753 25.061887732471668
3754 25.04831388179777
3755 25.040462164817654
3756 24.9908835660494
3757 25.005400474857257
3758 25.018532405675238
3759 24.951449824841216
3760 24.98471729846062
3761 24.985850475456342
3762 24.96838717285845
3763 24.93873855599398
3764 24.929637476706258
3765 24.949027158172107
3766 24.984114194874454
3767 24.976608541595503
3768 24.991961786725927
3769 24.976147154460588
3770 24.996591390001456
3771 24.99595104349799
3772 24.991086603703938
3773 24.970596546897106
3774 24.97631417289541
3775 24.9880682205365
3776 24.98031607129462
3777 25.009257082097346
3778 25.0454167491054
3779 25.025570681732862
3780 25.03897519620245
3781 25.024022978843366
3782 25.022530797014994
3783 25.03328769733571
3784 25.07239016194753
3785 25.060855846913498
3786 25.00683311575924
3787 24.986088727460185
3788 24.973124317801272
3789 24.977692435130006
3790 24.994725974038012
3791 24.99789228364861
3792 25.010104293059335
3793 25.020089638749056
3794 25.010397815467925
3795 24.998482410121618
3796 24.959322405469823
3797 24.992606676510448
3798 25.0071506147999
3799 25.03619465276352
3800 25.016406471719858
3801 25.0092446181179
3802 24.997962836574093
3803 25.011218840441124
3804 25.00578332142852
3805 24.990310402909245
3806 25.023635679690177
3807 25.03206110578288
3808 24.998481224170657
3809 24.98704652659529
3810 25.01412470043232
3811 24.99356427255096
3812 24.98291393026045
3813 24.99792455098028
3814 24.991620184632847
3815 25.014542927571
3816 24.984130931663326
3817 25.00358287873617
3818 24.9809877230816
3819 25.021035499757016
3820 24.996205989247997
3821 25.00000432046644
3822 25.008743792352757
3823 25.020953993749416
3824 25.017056700293168
3825 25.057332750204996
3826 25.004099578221783
3827 24.99200359098738
3828 25.032442180998064
3829 25.046607260966287
3830 24.977349942667843
3831 25.025783003255523
3832 25.02477709037007
3833 25.015197729330154
3834 24.983753697294098
3835 24.95524871289319
3836 24.931782785684053
3837 24.969112939025
3838 24.997953129884262
3839 25.035327532742002
3840 25.02730451658672
3841 25.036236194427488
3842 25.031704838678603
3843 25.039381287622216
3844 25.05525452212856
3845 25.097422814061318
3846 25.103629485613993
3847 25.118475862961056
3848 25.09357519302553
3849 25.08410187120642
3850 25.085106147586785
3851 25.09107437855862
3852 25.07433905704109
3853 25.066133519579115
3854 25.0619173855993
3855 25.098062703821064
3856 25.12269040047696
3857 25.126772911116927
3858 25.08651425978851
3859 25.073430261219336
3860 25.06726479746306
3861 25.06912374933116
3862 25.1014436940043
3863 25.06060644841995
3864 25.051653132310122
3865 25.020115798957757
3866 25.016888813600904
3867 25.044327287774678
3868 25.052280296184442
3869 25.07014216198276
3870 25.077166420949304
3871 25.06692237805073
3872 25.055643577782504
3873 25.07045149581263
3874 25.0583626193964
3875 25.057732987350793
3876 25.07470836446113
3877 25.009882633464905
3878 24.99871676979345
3879 25.010022615089547
3880 25.026821620197993
3881 25.022333466727797
3882 25.02788719939585
3883 24.99846794300963
3884 24.97345585318137
3885 24.987817730081026
3886 24.949519672558147
3887 24.93493381141258
3888 24.957558773258633
3889 24.981693117634723
3890 24.96376815755428
3891 24.97952486470176
3892 25.00109664070474
3893 25.038122603853097
3894 25.052593627270902
3895 25.030749115827696
3896 25.019183907377954
3897 25.02628583653309
3898 25.029374497009112
3899 25.024421917894973
3900 25.00784687150191
3901 24.994826329592126
3902 25.039724245470367
3903 25.051846398365758
3904 25.043052610511435
3905 25.05437440805182
3906 25.038111781415363
3907 25.03136468298199
3908 24.996895830740847
3909 25.04430958828459
3910 25.064020052283805
3911 25.08871633975981
3912 25.115038988331598
3913 25.102351172452288
3914 25.111778316459045
3915 25.094724525710287
3916 25.086144289566267
3917 25.061464351756182
3918 25.055499732002406
3919 25.05654702490881
3920 25.102898923210994
3921 25.098138312941543
3922 25.09542403429923
3923 25.09825422098459
3924 25.089496982619007
3925 25.077816742785654
3926 25.102287310476477
3927 25.104532911953783
3928 25.10282691855794
3929 25.110165641541162
3930 25.142201421725666
3931 25.143081412479404
3932 25.135178891017034
3933 25.107943989808764
3934 25.087922479426737
3935 25.112550052488874
3936 25.096870081353543
3937 25.04823146379742
3938 25.0660473446507
3939 25.036715030341536
3940 25.049152012050147
3941 25.082353827944456
3942 25.077996847448084
3943 25.068775859975226
3944 25.072941423734466
3945 25.09720244027572
3946 25.10586294622388
3947 25.0983065628797
3948 25.088581104047197
3949 25.089945982419504
3950 25.08198824801039
3951 25.10566743749733
3952 25.12702899987146
3953 25.084091001101278
3954 25.09165547642507
3955 25.06766361023371
3956 25.07080984140966
3957 25.061092175268627
3958 25.031521262674218
3959 24.98604780183033
3960 24.9666386170761
3961 24.98448647815657
3962 25.020469126507333
3963 25.014376160592455
3964 25.003541176877984
3965 24.98614894834955
3966 24.97539001768699
3967 24.93651606206199
3968 24.909853830239435
3969 24.90083052193306
3970 24.94111628450257
3971 24.973710501281356
3972 24.99894200883733
3973 25.015160967031562
3974 25.02666808761192
3975 25.027755654588578
3976 25.035553173729117
3977 25.028170208223
3978 25.03782032924346
3979 25.02878897427321
3980 25.01869077476271
3981 25.046714751760675
3982 25.04266027014929
3983 25.038329058682635
3984 25.036195575642544
3985 25.02536930835793
3986 25.054278021902395
3987 25.051809436275295
3988 25.06804157278351
3989 25.040960668988973
3990 25.053301957127182
3991 25.026289393455368
3992 25.035673306317985
3993 25.019775828153186
3994 25.000214694658858
3995 25.002363882555965
3996 25.000805684747895
3997 24.998933749711533
3998 25.005093785484185
3999 25.00300957696418
4000 25.02825781674387
4001 25.031087978203203
4002 25.003479640446443
4003 25.014819336957963
4004 25.011159065355713
4005 24.997649280107424
4006 24.981086515063435
4007 24.9700983660984
4008 24.936408419114873
4009 24.954186906858038
4010 24.905167270283254
4011 24.935518140901113
4012 24.943792713527074
4013 24.926216384041297
4014 24.948112452451614
4015 24.987847690901447
4016 24.982345406804093
4017 25.014553123002027
4018 25.049864282311137
4019 25.04414723617509
4020 25.02096234036845
4021 25.00533257400286
4022 25.02282256556942
4023 25.031100374027773
4024 25.01039840376349
4025 24.997722663735242
4026 25.026773533475957
4027 25.01814023172144
4028 25.039981034813298
4029 25.035469233325077
4030 25.012378377213285
4031 25.003187548027164
4032 25.022612220537965
4033 25.05068744082064
4034 25.028416026616693
4035 25.015937554936546
4036 25.00141101116437
4037 24.972780426010296
4038 24.955336279039187
4039 24.949155428632356
4040 24.968984461179613
4041 24.95430092135079
4042 24.993699678923353
4043 24.978130825640633
4044 24.982894769249846
4045 24.984784268057307
4046 24.978267555764297
4047 24.994301307402502
4048 24.99478874995849
4049 24.979658457299433
4050 25.015845446082764
4051 25.04177544547955
4052 25.05956140551351
4053 25.05951950278622
4054 25.059625608688663
4055 25.108721037776384
4056 25.08810927543629
4057 25.126644748001645
4058 25.090582856603664
4059 25.06421654436342
4060 25.03788023995712
4061 25.006750972307596
4062 25.012847899629964
4063 25.033779268578257
4064 25.04266149827838
4065 25.010716382463638
4066 25.029127111249245
4067 25.049385945207895
4068 25.03336024759431
4069 24.97758356488177
4070 24.983983441987206
4071 24.9806012441422
4072 24.99191465901266
4073 24.96587185868017
4074 24.982915820182676
4075 24.972932371040446
4076 24.965805898153185
4077 24.978459651146697
4078 25.009420614986226
4079 25.041727165710288
4080 25.059447648906197
4081 25.032462376997856
4082 25.05047754446583
4083 25.030383579461095
4084 25.03849981155791
4085 25.049113469764567
4086 25.039588157745243
4087 25.08257654428317
4088 25.071338120321737
4089 25.0591759434691
4090 25.053977741126378
4091 25.055308233664018
4092 25.072618122456223
4093 25.091637233651912
4094 25.117901206969854
4095 25.11405401620428
4096 25.104750406093242
4097 25.08150390719035
4098 25.08090595928062
4099 25.075634590758067
4100 25.08289874013071
4101 25.052457370548616
4102 25.01711534177252
4103 25.014630721693834
4104 24.99674302442286
4105 25.009003980178118
4106 24.96485647998542
4107 24.966083461814115
4108 24.98835469408635
4109 24.982482336646978
4110 25.008548367485105
4111 24.968053911096177
4112 24.980641044140963
4113 24.965144254626463
4114 24.97239030333687
4115 24.952992648286365
4116 24.980994620707623
4117 24.985845001943332
4118 24.96889685458585
4119 24.952993821659877
4120 24.915704282909118
4121 24.935109067264246
4122 24.95433186878912
4123 24.962785752260995
4124 24.998291715847238
4125 25.02539001770978
4126 24.991131043495255
4127 24.99931969220004
4128 25.01401495374144
4129 25.008442094926664
4130 24.97254232066005
4131 24.985795727870762
4132 25.00026412262832
4133 25.036119481617938
4134 25.032076021912996
4135 25.01567278504614
4136 25.00076593257579
4137 24.96004446831983
4138 24.97332548222097
4139 24.976945952275017
4140 24.985949246720498
4141 25.005147677402235
4142 24.996749966419912
4143 24.98083963387444
4144 24.988952611052035
4145 25.016239926720512
4146 25.023133947488716
4147 25.035596566535357
4148 25.01351172268531
4149 25.02228234896269
4150 24.979068082463623
4151 24.980917776202734
4152 25.002196933257558
4153 24.99879492082836
4154 24.981068126682608
4155 24.964371551735837
4156 24.962464064535553
4157 24.97624236818232
4158 25.010415133044233
4159 24.994515300162675
4160 25.02529630786142
4161 25.014528238731096
4162 24.996759020070996
4163 25.02814026884945
4164 25.03317516471778
4165 25.092957016558778
4166 25.121004717199572
4167 25.081429448393813
4168 25.035200334568852
4169 25.061224826535934
4170 25.04173536635849
4171 25.03405010859646
4172 25.0330277435068
4173 25.03841487922632
4174 25.087441360005876
4175 25.096241502013406
4176 25.053354793661832
4177 25.099160618445755
4178 25.107769239930548
4179 25.125951314125533
4180 25.11418598158644
4181 25.13268174633584
4182 25.141160084659447
4183 25.14322639027284
4184 25.1392207028285
4185 25.163950399271464
4186 25.14526273783174
4187 25.14468491039645
4188 25.080500167585953
4189 25.106642191192524
4190 25.106791162414417
4191 25.128406281334872
4192 25.10714915332905
4193 25.095860322806107
4194 25.097236668333164
4195 25.1060196650688
4196 25.110804967520696
4197 25.10317266111255
4198 25.115299653504252
4199 25.12109927150835
4200 25.086818489124322
4201 25.053531087841257
4202 25.038686177192684
4203 25.025622011602035
4204 25.02224038887114
4205 25.039196790344995
4206 25.005533431468237
4207 24.98626793025873
4208 25.009392583982844
4209 25.025741715905273
4210 24.99761896936142
4211 25.00692392528325
4212 25.016289757491734
4213 25.052890878878955
4214 25.058511962292393
4215 25.014388838987827
4216 25.049626983895525
4217 25.05061399066713
4218 25.05872927220337
4219 25.067224115729474
4220 25.088993842495412
4221 25.101227414926655
4222 25.085343699561932
4223 25.08828252988327
4224 25.11024550535916
4225 25.114360015328096
4226 25.05404180396124
4227 25.074714933257134
4228 25.062614680530427
4229 25.045183132651044
4230 25.033997213087044
4231 25.007282319811967
4232 25.02361818931917
4233 25.030708245571738
4234 25.00349009946986
4235 25.007704228355166
4236 25.023517342078772
4237 24.998514174517187
4238 25.00883524292446
4239 24.993449476383216
4240 25.01252784397228
4241 25.01930702509
4242 25.015263508507555
4243 25.031787302052887
4244 25.047089567229214
4245 25.024334878992065
4246 25.009444306148183
4247 25.010581146070354
4248 25.01099385772283
4249 25.01634289723872
4250 25.00692712919829
4251 25.00128126930572
4252 25.025433270735384
4253 25.004459391932834
4254 24.974170998873706
4255 24.967383573175486
4256 24.974785179024842
4257 24.962830109109827
4258 24.961391243041106
4259 24.969746384621423
4260 25.012811551834712
4261 24.99919657195311
4262 24.990510752409417
4263 24.992874796952805
4264 24.991004053968684
4265 24.98736393163936
4266 25.016382660351336
4267 25.031461710408117
4268 25.008909099487827
4269 25.03250428741507
4270 24.992893932167732
4271 24.985633438466305
4272 24.974153531515054
4273 25.003926482912895
4274 25.06824136914579
4275 25.05168865039263
4276 25.040493787038837
4277 25.025491949603015
4278 25.018625103714385
4279 25.004750756660947
4280 24.982530686526403
4281 24.972327019683483
4282 25.02192428169009
4283 25.066146058387073
4284 25.03500352184794
4285 25.020018758608185
4286 24.974787517197775
4287 25.018941621503497
4288 25.003177953751457
4289 25.00570677043701
4290 24.994855704015794
4291 24.98822625815375
4292 24.99542705259118
4293 24.98260642952261
4294 24.976429608840824
4295 25.007417516788472
4296 25.00242404276365
4297 25.02842879413617
4298 25.041861564228224
4299 25.04048920688823
4300 25.029304808566806
4301 25.028072164911094
4302 25.028815682709475
4303 25.023626113242273
4304 24.993438890820972
4305 24.972695606639203
4306 24.95732911006109
4307 24.956975660701545
4308 24.96148355967646
4309 25.00373890102135
4310 24.99808579003767
4311 24.98803117400943
4312 24.98040391829865
4313 24.990565059247363
4314 24.979637533597153
4315 25.02512032031709
4316 24.998382850404727
4317 25.000247063201126
4318 24.993274652833612
4319 24.989372354889817
4320 24.99164412850653
4321 25.00081029931338
4322 25.022007455918075
4323 25.01707623280981
4324 24.981309608366345
4325 24.986410788654656
4326 25.001452962948775
4327 24.979310202914547
4328 24.944184480059008
4329 24.95823719938261
4330 25.012247261981212
4331 25.03613032773493
4332 25.0483080196482
4333 25.025916529626897
4334 25.02369654381823
4335 25.023494268810744
4336 25.009346911376785
4337 25.019490390899826
4338 25.032217238113414
4339 25.028047276202532
4340 25.013026396649085
4341 25.022234712814736
4342 25.009336882573333
4343 25.01942519166424
4344 25.022960721387832
4345 25.051214131082247
4346 25.075049271675258
4347 25.05946718915925
4348 25.039210262366012
4349 25.024927945090337
4350 25.025276984748814
4351 25.054867274023966
4352 25.040115982173084
4353 25.063623793576937
4354 25.07047339309013
4355 25.048014861879366
4356 25.01165375360434
4357 25.027501809850268
4358 25.011101814722895
4359 24.981380807164204
4360 25.009257813353905
4361 24.999386983814688
4362 24.966176507119993
4363 24.982131348146364
4364 24.99762698278142
4365 25.004166203101946
4366 25.016476284035967
4367 25.03181872297176
4368 25.037665015895502
4369 25.044127485414094
4370 25.046400530975706
4371 25.041469121972803
4372 25.07610099549199
4373 25.039595794658435
4374 25.038043823477757
4375 25.039233073846734
4376 25.068935842562656
4377 25.079247839852236
4378 25.05700182989821
4379 25.05130256232354
4380 25.02303976118886
4381 25.02356896939001
4382 25.03023867384696
4383 24.969042570321854
4384 24.974998104269588
4385 24.992175311871357
4386 25.026029221502206
4387 24.96186900423113
4388 24.955961907957587
4389 24.98664333859234
4390 25.021880960897114
4391 25.02806089125788
4392 25.024880533237805
4393 25.036397635417977
4394 25.0543738714728
4395 25.072601246355543
4396 25.09341861075513
4397 25.08933534781193
4398 25.05241139002721
4399 25.021985876411893
4400 25.05133225010922
4401 25.050505373492882
4402 25.05350424882381
4403 25.079162992156782
4404 25.053556199720422
4405 25.05028944745591
4406 25.033583920977705
4407 25.035829179374293
4408 25.041639459938537
4409 25.048249090123747
4410 25.02269730483094
4411 25.039369477010652
4412 25.07772165524542
4413 25.084677700791488
4414 25.081575429069073
4415 25.115127375062364
4416 25.118212686472237
4417 25.120628323405786
4418 25.135582435938307
4419 25.102544079796434
4420 25.119835972847397
4421 25.11024084964892
4422 25.104212032860456
4423 25.08799531234327
4424 25.052121253829853
4425 25.038950239459226
4426 25.081310218832922
4427 25.080852312397674
4428 25.060807790996133
4429 25.035915111251107
4430 25.035350443338213
4431 25.062592317063725
4432 25.04888535623048
4433 25.074356815519636
4434 25.080468005167443
4435 25.098283164334628
4436 25.087779038815313
4437 25.085775693937258
4438 25.079302909296647
4439 25.097223039868027
4440 25.093230664670333
4441 25.050092402735537
4442 25.069481070114257
4443 25.09514352364072
4444 25.125994335073777
4445 25.067229365248412
4446 25.057464396656204
4447 25.01362884504315
4448 25.01351461851332
4449 24.992588122842925
4450 25.03308962325336
4451 25.042288374676577
4452 25.06627137630053
4453 25.061900534912546
4454 25.08273889341958
4455 25.095735081897597
4456 25.122736598843538
4457 25.095191605568775
4458 25.093691272501193
4459 25.084022046153812
4460 25.079315079163297
4461 25.08175304547872
4462 25.065137624355064
4463 25.06192184656856
4464 25.014602411755686
4465 24.999177022041764
4466 25.00161865552361
4467 24.98935631077088
4468 24.977342170552102
4469 24.983692595353475
4470 24.991049033052594
4471 24.995233540296656
4472 25.015117041415657
4473 25.014615385727485
4474 25.007574690570056
4475 25.04661962053566
4476 25.03538898588407
4477 25.017384174290854
4478 25.02389478650008
4479 25.00563952412237
4480 25.03505571871789
4481 25.05036887518339
4482 25.03890494907433
4483 25.021987681189934
4484 25.06822794210682
4485 25.070663340232752
4486 25.043160268045053
4487 25.02709747051485
4488 25.0077474162457
4489 25.020539967866856
4490 24.988585833635128
4491 24.979747871291636
4492 25.00154585192217
4493 24.995705709947437
4494 25.05458904496999
4495 25.022866355312228
4496 25.052732088378384
4497 25.054443230408403
4498 25.069882914611227
4499 25.054116260276672
4500 25.06091231244735
4501 25.082449502998987
4502 25.079899841128164
4503 25.064383263080693
4504 25.05927975651198
4505 25.067834240862304
4506 25.037360733226315
4507 25.04536638027954
4508 25.059564698233658
4509 25.030979208679568
4510 25.06310674090553
4511 25.082773728015546
4512 25.046926573620144
4513 25.014756318281385
4514 25.06165705199025
4515 25.043336878004354
4516 25.045076854530247
4517 25.028959939095206
4518 25.0420906082082
4519 25.0434031428385
4520 25.03117180930521
4521 25.055861976174675
4522 25.01389930089095
4523 24.994753581306597
4524 25.01676449360992
4525 25.03593993585604
4526 25.028123958295016
4527 24.991977459031187
4528 25.013664339651054
4529 24.98973756694102
4530 25.059052604128688
4531 25.091663279059038
4532 25.092623381925236
4533 25.104758301023107
4534 25.078115110340207
4535 25.07070885823755
4536 25.05692422697101
4537 25.02504373952145
4538 25.041187359937574
4539 25.019536332155873
4540 25.015169098406098
4541 25.01419869856237
4542 24.97972761339718
4543 24.977397127012598
4544 25.021481456803464
4545 25.019116722831857
4546 25.05877033568017
4547 25.080907273537818
4548 25.052795936095063
4549 25.059424354932208
4550 25.0724653616126
4551 25.057980729813504
4552 25.035560522869883
4553 25.02293658173094
4554 25.023428217999598
4555 25.01822728539794
4556 24.992259642262937
4557 24.983985458925076
4558 25.004119932683967
4559 24.995520705730936
4560 25.037247738405753
4561 25.032012716073947
4562 24.990510200854516
4563 25.015178512207076
4564 25.021020760491773
4565 25.05697556632962
4566 25.047843435577004
4567 25.08279961327965
4568 25.07794243663529
4569 25.078081075622112
4570 25.066411505936617
4571 25.061930643872945
4572 25.04005929621732
4573 25.022607594277762
4574 25.036552345775615
4575 24.994242058287078
4576 25.00847126806763
4577 24.984768091326963
4578 25.033448466802433
4579 25.010165574032715
4580 24.995975842329013
4581 24.980168231477453
4582 24.950609251397648
4583 24.98647258131298
4584 25.007377812343748
4585 25.018966012135508
4586 25.026014379792972
4587 25.064208323971485
4588 25.087520117285376
4589 25.089020279523034
4590 25.049540387221096
4591 25.049870201626295
4592 25.059912362947642
4593 25.079750086462624
4594 25.076534833099384
4595 25.041231062230764
4596 25.038107828026437
4597 25.02691538644438
4598 25.01724755754638
4599 25.013489649642555
4600 25.004842344165837
4601 25.050907247322964
4602 25.03661244798995
4603 25.06208642379065
4604 25.037484526520647
4605 25.044237758051636
4606 25.041182476956408
4607 25.012745640881437
4608 24.98489884374635
4609 25.01638907880271
4610 25.04103215881371
4611 25.0392633285696
4612 25.04664510916108
4613 25.014762031137035
4614 25.012248269526278
4615 25.036354018648595
4616 24.99772131633885
4617 24.964828358507393
4618 24.9574869394106
4619 24.962456927722737
4620 24.980981258131884
4621 24.962478709694775
4622 24.967769881993082
4623 24.962094199743113
4624 24.954907346583276
4625 24.98738463505794
4626 24.973098031616335
4627 24.979651224384178
4628 24.973637204094373
4629 24.9736009723146
4630 24.94884105289891
4631 24.950744046850104
4632 24.995665028161785
4633 24.961227897408968
4634 24.929496975798653
4635 24.957745721209925
4636 24.979795744159667
4637 24.99138387102498
4638 24.956433047574958
4639 24.955388819381362
4640 24.95927488492652
4641 24.954796038751788
4642 24.94563565087651
4643 24.926213056961185
4644 24.9519516772965
4645 24.994833671118162
4646 24.99360499560186
4647 24.99486871688622
4648 24.971926129426297
4649 24.964590081375587
4650 24.93974304417982
4651 24.931896282223708
4652 24.944010830790283
4653 24.95543670311777
4654 24.939509661755938
4655 24.964478926390793
4656 24.99210186780279
4657 25.002604778529793
4658 25.014043909805018
4659 24.974170619271963
4660 24.96798198836082
4661 24.960481862047548
4662 24.986955257451694
4663 24.990151533649716
4664 24.98389607068094
4665 24.979141182141525
4666 24.992158197984672
4667 25.00238220411413
4668 24.99546540026888
4669 25.00130415809964
4670 24.973763419699214
4671 24.943862105658535
4672 24.932048533060357
4673 24.933580797132496
4674 24.95533999325859
4675 24.9659554779048
4676 24.982909510230055
4677 25.024644354635793
4678 25.02527984473534
4679 25.04635574273532
4680 25.0454982168959
4681 25.02631750548605
4682 24.966267709761727
4683 24.959771860261128
4684 24.953785024787557
4685 24.9541318919831
4686 24.975568394412537
4687 24.994837370022196
4688 24.987915932013397
4689 24.995024815200924
4690 24.97592436839723
4691 24.969288205905983
4692 24.987280935431944
4693 24.984913722603398
4694 24.96369506200741
4695 24.951568663094548
4696 24.93269842036675
4697 24.932691588315517
4698 24.958556003539126
4699 24.918099699437974
4700 24.94357659417972
4701 24.94411797904695
4702 24.96258457780688
4703 24.980792465887788
4704 24.983526212989368
4705 25.035829225168413
4706 24.999905849608588
4707 24.983750183052116
4708 24.97667873231569
4709 24.96799262371628
4710 24.93244976460128
4711 24.93125326603178
4712 24.90999250298805
4713 24.902233568328956
4714 24.89754066245727
4715 24.918032107267805
4716 24.884634429414277
4717 24.914469720057863
4718 24.923165876020004
4719 24.91647660872488
4720 24.879645643746603
4721 24.87205066981513
4722 24.889810945299416
4723 24.897247781448954
4724 24.923445642973878
4725 24.922213112105165
4726 24.926163488348514
4727 24.937223603166064
4728 24.96064575651119
4729 24.993168409182907
4730 24.9614711311448
4731 24.93447176934355
4732 24.93125623504127
4733 24.943299227278004
4734 24.978213470688857
4735 24.950221793750732
4736 24.943691392270203
4737 24.929919975929955
4738 24.924442462933712
4739 24.924207453163277
4740 24.97227424008207
4741 24.97217177660023
4742 24.981416624298056
4743 24.990033233774565
4744 24.972652892392386
4745 25.0048171865281
4746 24.94254687016598
4747 24.92766464806677
4748 24.948282244178987
4749 24.960624693116117
4750 24.96852118439732
4751 24.982254516421445
4752 24.968334459800012
4753 24.950102823356637
4754 24.956693077944603
4755 24.956952596545694
4756 24.952925113588286
4757 24.951046656002752
4758 24.962149849018612
4759 24.91280861000691
4760 24.93530203602393
4761 24.943222705128573
4762 24.93825358548603
4763 24.949778714405628
4764 24.994580409631613
4765 24.973594437449588
4766 24.997986872689367
4767 24.991588178225054
4768 25.00556979899453
4769 24.98326651315896
4770 24.98765950020871
4771 24.985586387632406
4772 24.96611969377309
4773 24.922964519997844
4774 24.91533035643331
4775 24.923588830656488
4776 24.955479306188117
4777 24.973279671579473
4778 24.933126242511086
4779 24.95057803548938
4780 24.96555923026287
4781 24.989205042108235
4782 25.010153148453924
4783 25.015206136864034
4784 24.994455701886338
4785 24.984827660944372
4786 24.961357707898394
4787 24.95930148515611
4788 24.968640476458006
4789 24.951521949352784
4790 24.91980084127587
4791 24.9681614563271
4792 24.969061454008887
4793 25.00189222501701
4794 25.013080943579247
4795 24.98204880483084
4796 24.976969685320423
4797 24.96396812594294
4798 24.932715206695697
4799 24.947621441286582
4800 24.934386872234192
4801 24.940168898078554
4802 24.962434176291872
4803 24.914422839478963
4804 24.941383827100136
4805 24.968495686777093
4806 24.97470671477035
4807 24.97935853356628
4808 24.96040377125584
4809 25.001304689457015
4810 24.973474141546873
4811 25.014322941085503
4812 24.98890995046639
4813 24.98287165760829
4814 24.988317179433725
4815 24.995039380217857
4816 25.00284140030797
4817 24.97874593969063
4818 24.990712784431427
4819 25.00529187301064
4820 25.025473668135735
4821 25.02190914425647
4822 25.00660077570771
4823 25.017327223826317
4824 25.01543348563544
4825 24.988071018096573
4826 24.963951254577342
4827 24.971038653874267
4828 24.95511366565345
4829 24.978382731642643
4830 24.99523016501
4831 25.046465486129403
4832 25.017672471986394
4833 24.97113632751149
4834 24.992135063088583
4835 25.002438670716987
4836 24.978692563687236
4837 24.998031878507906
4838 24.97655116074288
4839 24.956477450760136
4840 25.014331870242923
4841 25.02542894021225
4842 24.948740738502003
4843 24.961056533476036
4844 24.966747678835514
4845 24.96113645154778
4846 24.938234754171514
4847 24.983468976550295
4848 24.993064270632424
4849 24.957938543290176
4850 25.009146003621034
4851 24.994139371596372
4852 25.0114576387337
4853 25.00606410523597
4854 25.01313968851615
4855 25.030205568538033
4856 25.008189891646257
4857 24.98097923845683
4858 24.982131593085388
4859 24.994691707974685
4860 25.006380412756727
4861 25.02135523059887
4862 25.012925678936067
4863 24.99056210011191
4864 24.996791008402365
4865 25.006842978774028
4866 25.058068168259943
4867 25.078471988534826
4868 25.068790926892742
4869 25.0772739915116
4870 25.030868860673202
4871 25.01189785020011
4872 24.990085375425664
4873 24.999339012497334
4874 24.98595743967945
4875 24.964901317492107
4876 25.0076130511162
4877 24.973758393900503
4878 24.967480344394616
4879 24.970868422731176
4880 24.96850997096044
4881 24.963894187253686
4882 24.987299388700993
4883 24.973115854710272
4884 24.97327518369105
4885 24.98024839145923
4886 24.930330324917684
4887 24.96114133352072
4888 24.985086364832977
4889 25.027552772480014
4890 25.01362806439541
4891 25.011321446683656
4892 25.00176818789425
4893 25.01292999172786
4894 25.03281238029039
4895 25.056565713721774
4896 25.064205917386637
4897 25.090882572457584
4898 25.06470967777397
4899 25.029793144459163
4900 25.022056487010662
4901 25.059572324311564
4902 25.03537010646788
4903 25.041601199261112
4904 25.00878629652191
4905 24.99937803620979
4906 25.007116784766144
4907 25.01348091092511
4908 24.985656315366654
4909 25.036208518144957
4910 24.979286101425977
4911 24.943849741269645
4912 24.93951014416926
4913 24.90696110273484
4914 24.88602184243316
4915 24.881751105545817
4916 24.91378711885242
4917 24.92762683216475
4918 24.941435351663607
4919 24.943824787036434
4920 24.970597268370792
4921 24.980492737828627
4922 24.98073698456433
4923 25.019479070554663
4924 25.011882068261603
4925 25.000103549799313
4926 24.976920940383845
4927 24.910353566683558
4928 24.937099973663358
4929 24.92660433477269
4930 24.946352090099076
4931 24.97462595079743
4932 24.924894090986125
4933 24.899026585223208
4934 24.899552582680656
4935 24.909374961668973
4936 24.89598557550303
4937 24.948886815085313
4938 24.9469626843685
4939 24.93653662722193
4940 24.919299063664067
4941 24.92448538161439
4942 24.927588909730456
4943 24.97474171265335
4944 25.00314669053134
4945 24.98093744757569
4946 24.9564176222766
4947 24.94354124001523
4948 24.949152010319672
4949 24.96650752223194
4950 24.9584059077219
4951 24.987458588184357
4952 24.97550057991147
4953 24.98228176034256
4954 24.986025942202353
4955 24.989893294387763
4956 24.960068829521123
4957 24.956970261818213
4958 25.00766242747067
4959 25.017652764304948
4960 25.038679021793282
4961 25.045187395039523
4962 25.04263349499712
4963 25.026866284526424
4964 25.058851591686324
4965 25.017286095475633
4966 25.002240474808463
4967 25.004353710312625
4968 25.046427770436466
4969 25.043555631008747
4970 25.047280053359724
4971 24.991635668744177
4972 25.01406773332085
4973 25.039031296157656
4974 25.051862862197545
4975 25.031257801992805
4976 25.003073418128558
4977 25.024564912501617
4978 25.012800647787373
4979 24.972377734033053
4980 24.982451892634554
4981 24.998150986125726
4982 24.988489171228125
4983 24.988391629250554
4984 24.94257626982102
4985 24.98231072964377
4986 24.988979322020416
4987 24.996005579214078
4988 25.012810870042465
4989 25.03425450765341
4990 24.993917367947017
4991 25.00548865185467
4992 24.995065384589246
4993 24.957905882596286
4994 24.94052385652365
4995 24.987452481773847
4996 25.00133131891765
4997 25.00851923370515
4998 25.006155717645807
4999 25.010645723396504
5000 25.030069079611682
5001 25.048720582106423
5002 25.0311029792976
5003 25.038899093329025
5004 25.024717136022005
5005 25.025725030554845
5006 25.010690030705238
5007 25.00061043246476
5008 24.99761229853775
5009 24.994442673219204
5010 25.01215594032211
5011 25.02778050741893
5012 25.020187604816954
5013 25.00433835174529
5014 24.997774844896362
5015 24.99432390590989
5016 24.987071926903532
5017 25.015887615210527
5018 24.99158560151211
5019 24.97740042470691
5020 24.973572052147258
5021 24.963215947296995
5022 24.96893870824233
5023 25.000618852906253
5024 24.98897066732257
5025 24.968941874771538
5026 24.972686110940664
5027 24.942655198631847
5028 24.993568647884555
5029 25.011664817147395
5030 24.97830032539184
5031 24.985079400487713
5032 25.00655969932658
5033 24.968174388389354
5034 24.959010677176988
5035 24.979775851560532
5036 24.990962433521346
5037 25.020579098384047
5038 25.022600757724867
5039 24.999692157122443
5040 25.006024817657384
5041 24.966394184353756
5042 25.015842393438387
5043 25.008956927310646
5044 24.991988529851078
5045 25.004111115582926
5046 24.9973237949754
5047 25.001129801204453
5048 25.016811216443525
5049 24.99772133336343
5050 25.003849413447895
5051 24.970104783087955
5052 24.99773966498703
5053 24.97887920187279
5054 24.99738232730524
5055 24.990805759890563
5056 25.01361461151003
5057 25.02946833194262
5058 25.00779081861313
5059 25.055591579665222
5060 25.0282747872606
5061 25.019970746176384
5062 25.03965233445873
5063 24.998915040323414
5064 24.98471829881906
5065 24.990430030200315
5066 24.972719001553642
5067 24.94575351870792
5068 24.950910764842273
5069 24.949603020897168
5070 24.949939279603676
5071 24.996931220935128
5072 25.008371107687612
5073 25.017971790991975
5074 25.025755943699533
5075 25.043367842124184
5076 25.061168973998306
5077 25.044630091929687
5078 25.04243007697871
5079 25.055674606286818
5080 25.04482791259445
5081 25.016933508971853
5082 25.00600571155961
5083 25.015704015904706
5084 25.00603760786735
5085 25.000166418541504
5086 25.0216459191024
5087 25.03683204364874
5088 25.026592606827194
5089 25.01933693766868
5090 25.04103808844103
5091 25.03927987563987
5092 25.037702717308417
5093 25.01631048419705
5094 24.989475503484204
5095 24.984188380479118
5096 24.971813654483324
5097 24.97347196833549
5098 24.960754830265504
5099 24.967171002671332
5100 24.96144730413714
5101 24.980181617414146
5102 25.006593571844714
5103 25.000760731989306
5104 24.979302388899786
5105 24.979744159934903
5106 24.990737839672082
5107 25.013316361189354
5108 25.013328154301572
5109 25.001218121033812
5110 24.993717447529015
5111 24.96192302699568
5112 24.991980278497824
5113 25.015192433731634
5114 25.029364623619458
5115 25.018278072211416
5116 25.00641935528811
5117 25.013733290649483
5118 25.008659774785333
5119 25.040652909726074
5120 25.053706437749256
5121 25.030727605391927
5122 25.061866168496703
5123 25.06958166092722
5124 25.086991928212004
5125 25.048169100644806
5126 25.04956634663024
5127 25.036947506997034
5128 25.04190769395701
5129 25.051821970148982
5130 25.057336391265192
5131 25.050894682280383
5132 25.048241104770142
5133 25.030144111403544
5134 25.041901150452578
5135 25.055412204926856
5136 25.077994710184754
5137 25.089769047115443
5138 25.081747666097996
5139 25.093550713102843
5140 25.09974176829053
5141 25.102991950491614
5142 25.12236825951982
5143 25.115282956400332
5144 25.09955208819173
5145 25.091524099374872
5146 25.158046775498544
5147 25.15419470408769
5148 25.15359139559124
5149 25.068587049045092
5150 25.041392688145205
5151 25.01865997992424
5152 25.03405919761971
5153 25.077812727491363
5154 25.0505952800631
5155 25.04059139505613
5156 25.06555240306544
5157 25.031566136562677
5158 25.076432691745058
5159 25.076390943645563
5160 25.054312051362558
5161 25.091654189012015
5162 25.086853949019538
5163 25.09054596235444
5164 25.03921944196003
5165 25.032644992073536
5166 25.07602359060478
5167 25.098426924120297
5168 25.098866515959187
5169 25.092765589464605
5170 25.12391222724852
5171 25.112129075115334
5172 25.090152241893854
5173 25.090910993620362
5174 25.0754511382169
5175 25.055813515674473
5176 25.043753910423877
5177 25.06700772882595
5178 25.037885029004833
5179 25.003390836743076
5180 25.021383119806337
5181 25.00898435157155
5182 24.982121424094196
5183 24.93591204412651
5184 24.9511678273616
5185 24.93012908489129
5186 24.950119354265688
5187 24.922757532113188
5188 24.92550342095109
5189 24.939466301863316
5190 24.916442041439684
5191 24.93818245204673
5192 24.954713449288217
5193 24.986729834510687
5194 25.01496427175069
5195 24.97435894558352
5196 24.96501321898019
5197 24.9703603742905
5198 24.977026189239933
5199 25.004170195185413
5200 24.97496173274073
5201 24.946648081501994
5202 24.95411534704162
5203 24.974090820801077
5204 24.96131676680131
5205 24.96027652029609
5206 24.99128100897437
5207 24.991108533450507
5208 25.01559209900198
5209 25.043662219225382
5210 25.088094677078146
5211 25.084106158475162
5212 25.061372480035846
5213 25.015106014661413
5214 25.03394902666014
5215 25.050459242188683
5216 25.063219509104872
5217 25.013650671433396
5218 25.06605634149612
5219 25.015296086930757
5220 25.02922268175434
5221 25.06119732001111
5222 25.065520620002946
5223 25.062940847392916
5224 25.081336872511248
5225 25.07607629851666
5226 25.06402526374123
5227 25.082574959087747
5228 25.08731693639872
5229 25.103460957962408
5230 25.118701878984798
5231 25.08250241210915
5232 25.04521931280536
5233 25.02593323039306
5234 25.01127414409361
5235 25.02395528800268
5236 25.01477250318248
5237 25.00484731730655
5238 25.041362076754957
5239 25.00557153962321
5240 24.993341737933363
5241 24.992576463808224
5242 25.02590511771737
5243 25.011102969041335
5244 25.040106007741763
5245 25.053198864694583
5246 25.007806828730885
5247 24.97234550606169
5248 24.982267602708546
5249 25.002503086828984
5250 25.005201256567535
5251 25.00552246385157
5252 24.96691515821609
5253 24.962339708010113
5254 24.95242022456094
5255 24.949990462530735
5256 24.94750553124511
5257 24.99872658964685
5258 24.997586402731248
5259 24.99645898249225
5260 25.02214659857296
5261 25.03943276957097
5262 25.023673469229838
5263 25.03394605926076
5264 25.015850048180962
5265 25.025756593533234
5266 25.039137982876788
5267 25.04127212878603
5268 25.052934642242793
5269 25.03938962026734
5270 25.033850998795636
5271 25.035189561595377
5272 25.068520761924592
5273 25.088515126453785
5274 25.071946900842732
5275 25.082486064320808
5276 25.099707564951412
5277 25.07580737356952
5278 25.08163173385705
5279 25.078758951660625
5280 25.073662740803922
5281 25.099043438835846
5282 25.090913065586907
5283 25.075958949616233
5284 25.045618273550726
5285 25.055691953492747
5286 25.053252537707564
5287 25.072066673548587
5288 25.032954035858513
5289 25.028264545524173
5290 25.042602158550885
5291 25.02394369667737
5292 24.96560902111586
5293 24.981099507237424
5294 24.983364359340545
5295 24.958316206723897
5296 24.99010599650535
5297 24.987429538677844
5298 24.941938515120015
5299 24.9383101523323
5300 24.894083833414328
5301 24.8864194522527
5302 24.88939426047923
5303 24.875084879846515
5304 24.90931649910682
5305 24.90863838152049
5306 24.956046160509338
5307 24.986999604704994
5308 24.952974095786058
5309 24.969033034115537
5310 24.97111309836155
5311 24.992620821186357
5312 25.0044569799145
5313 24.958776560639762
5314 24.950808722488848
5315 24.91842841690255
5316 24.921731648156133
5317 24.954277857932215
5318 24.932780764518494
5319 24.95366813479127
5320 24.923500880612192
5321 24.928851098706193
5322 24.92941113491837
5323 24.938801151269832
5324 24.92317464291236
5325 24.93580178889357
5326 24.991718001688366
5327 25.010778758961095
5328 24.992052556662554
5329 25.03142966001263
5330 25.011358283144595
5331 25.01165971411861
5332 25.021807049186478
5333 25.00224308901949
5334 25.01947393110558
5335 25.013624468417323
5336 25.02909561597125
5337 24.989129271250004
5338 24.995591124148422
5339 25.00393136495702
5340 24.990326730212637
5341 24.997848491102854
5342 25.01402791031166
5343 25.032965178879497
5344 25.037979893052068
5345 25.063366383595262
5346 25.057328498303153
5347 25.06905564271168
5348 25.028024136734793
5349 25.024661374715897
5350 24.985039775894776
5351 24.986412115219792
5352 24.96370239304931
5353 24.946996967987474
5354 24.915261127731956
5355 24.923530825023278
5356 24.932086626803258
5357 24.977937519412496
5358 24.964924405142273
5359 24.965117919131075
5360 24.96213981101802
5361 24.94423241552775
5362 24.94386241385558
5363 24.970921142782924
5364 24.94308673998862
5365 24.983312440884973
5366 24.992041863096304
5367 24.982607748074095
5368 25.02837633136563
5369 25.017977171723697
5370 25.046332754480797
5371 25.04452747559954
5372 25.041793745518774
5373 24.99079286327653
5374 24.95868178950183
5375 24.92702065195514
5376 24.929088765453358
5377 24.927074219803448
5378 24.955321697579624
5379 24.91877797740845
5380 24.950186680848812
5381 24.949030677999843
5382 24.95387671769255
5383 24.978082361119892
5384 24.972494555147676
5385 24.962952257403778
5386 24.97604822940342
5387 24.973275358458288
5388 25.00161713351414
5389 25.009244025058056
5390 25.012270837406074
5391 25.004340698493507
5392 24.989627019448992
5393 24.990914104192868
5394 24.994522172373816
5395 24.95307443210121
5396 24.962972866145904
5397 24.962539213824073
5398 24.98095839724064
5399 24.975392430291524
5400 24.96851736336848
5401 24.971861822149652
5402 24.962672882799588
5403 24.970991360424645
5404 24.968980017666212
5405 24.98136364901506
5406 24.98344620905155
5407 24.985253934041047
5408 24.994942296613655
5409 25.01877883424311
5410 24.99293046254247
5411 24.985269531394554
5412 25.039169454233434
5413 25.017309285064606
5414 25.001695202189325
5415 25.02636755652424
5416 25.031200232682814
5417 24.976385276608276
5418 24.99072101950728
5419 25.013332841671144
5420 25.026994185711146
5421 25.023285034076928
5422 25.02219097316577
5423 25.02290931143868
5424 24.96539049257709
5425 24.985020072760502
5426 24.981370774962667
5427 24.957104875092462
5428 24.943912940219175
5429 24.97303761637881
5430 25.006010310856624
5431 25.015544614728512
5432 25.0248263005105
5433 25.107688082485303
5434 25.13583685308593
5435 25.134309642154175
5436 25.102128678350695
5437 25.088344620071055
5438 25.065456804289852
5439 25.062041594674675
5440 25.059458850491094
5441 25.04754046063582
5442 25.039011894277017
5443 25.039168568745275
5444 25.023020637934295
5445 25.016216283414547
5446 25.039664999119836
5447 25.022850590931423
5448 25.043853117624888
5449 25.068575065096653
5450 25.06593545800681
5451 25.063726340231106
5452 25.074400963544207
5453 25.094574747167687
5454 25.10312358612056
5455 25.092624014947273
5456 25.10997804140503
5457 25.08997031991452
5458 25.04160901721064
5459 25.073234260513996
5460 25.092200431951326
5461 25.05378282671416
5462 25.05946971155265
5463 25.044921901957583
5464 25.019700869373192
5465 25.02164087870337
5466 25.00539156964251
5467 25.023445935770827
5468 25.01522261641344
5469 25.013882788424933
5470 25.024182718354126
5471 25.01343781606309
5472 25.032785168581846
5473 25.030161091436714
5474 25.019615176816135
5475 25.007086800909427
5476 25.03006253693179
5477 25.01362813565313
5478 25.012436197031974
5479 25.02943026706855
5480 25.002359508672008
5481 25.017086689481253
5482 25.014582358356638
5483 25.01794575492856
5484 24.992554823973066
5485 24.98182680457789
5486 24.980817723302536
5487 25.00762166754924
5488 25.016980897522334
5489 25.026869611372355
5490 25.02702712164724
5491 24.992790674309568
5492 25.026838429153994
5493 25.00453464785068
5494 24.988360270515958
5495 24.986624122394677
5496 25.007387151920657
5497 25.04110748878713
5498 25.030137966843355
5499 25.036342141173808
5500 25.026193074361178
5501 25.023769904777726
5502 25.026576182418225
5503 25.013066259021397
5504 24.998379454831497
5505 25.010092285883196
5506 25.004018149825555
5507 25.002815871534363
5508 24.999826737233384
5509 24.996287663010648
5510 25.004020898636067
5511 25.01016133239019
5512 25.01496327331145
5513 25.041284831934643
5514 25.035366895911526
5515 25.018899464293973
5516 24.999765360816504
5517 24.958810719244557
5518 24.9244512170857
5519 24.948118408220427
5520 24.944848460861287
5521 24.98458697453891
5522 24.977422055263954
5523 25.006407463835572
5524 25.00982229565198
5525 24.997460153112264
5526 25.02291089657304
5527 25.034534426277173
5528 25.043703493030616
5529 25.042715316416544
5530 25.02962428742617
5531 25.016093829241832
5532 25.053737962122337
5533 25.064161752902763
5534 25.0319832468875
5535 25.05927804098723
5536 25.03381097593967
5537 25.02747960031496
5538 25.03692837224678
5539 25.056615102469348
5540 25.047030274189176
5541 25.072742657619784
5542 25.05688339024853
5543 25.081966828396112
5544 25.089604961278347
5545 25.093326154125112
5546 25.07195912633796
5547 25.039811952415732
5548 25.020728691315284
5549 25.018602015824747
5550 25.00217163598496
5551 25.051204086443704
5552 25.045045433022924
5553 25.032439208687755
5554 25.013250464895886
5555 25.04667517463797
5556 25.065198854857773
5557 25.0761488127259
5558 25.084377992972488
5559 25.035522307145207
5560 25.062845223454808
5561 25.057733181923943
5562 25.053946343605503
5563 25.067481705152726
5564 25.064529034746045
5565 25.080913842143776
5566 25.06483961831618
5567 25.072668849433892
5568 25.03140238869672
5569 25.031076304907227
5570 25.042136341591817
5571 25.02858741749751
5572 25.030255516263807
5573 25.047412863401846
5574 25.078576631960814
5575 25.076716499426208
5576 25.09044962482529
5577 25.042496600388926
5578 25.04098707872393
5579 25.050019578558103
5580 25.077435983228842
5581 25.063339151384245
5582 25.055775660479814
5583 25.02520280721662
5584 25.030269659638442
5585 25.012323669646722
5586 25.038762943738583
5587 25.025488242984707
5588 25.051454975472044
5589 25.053984028212405
5590 25.06277576240804
5591 25.05458866189421
5592 25.047258923417576
5593 25.05040527824393
5594 25.086530786611505
5595 25.075055679837757
5596 25.05231633874547
5597 25.023857820731138
5598 25.05276763929972
5599 25.032379501728137
5600 25.027817640295403
5601 25.001149590928005
5602 24.97229531652669
5603 24.983322067124607
5604 24.963774421447
5605 24.93782537847286
5606 24.95420519716852
5607 24.968329797916628
5608 25.014289498555353
5609 25.020265085915952
5610 25.02601172302637
5611 25.0463038702274
5612 25.05178528297422
5613 25.042971432738888
5614 25.050143112415405
5615 25.06939093798718
5616 25.049865278653733
5617 25.075572509115236
5618 25.075483469729672
5619 25.055311861512646
5620 25.092908496589146
5621 25.07547206884639
5622 25.09158514779648
5623 25.065709486177138
5624 25.048243136583928
5625 25.046743317678562
5626 25.02146513010559
5627 24.994828539278426
5628 24.972823594979914
5629 24.994840043681542
5630 24.992889253694738
5631 25.004398244238498
5632 24.985600966654168
5633 24.971304470481467
5634 24.97991006658721
5635 24.987863357345805
5636 24.973810272823965
5637 24.994287913822753
5638 25.017287960273688
5639 25.04945160333449
5640 25.049341345907617
5641 24.99727608334849
5642 24.985553160835668
5643 25.00272892478778
5644 24.972459610821254
5645 25.005963171461307
5646 24.983552873739185
5647 24.965659103145907
5648 24.964094000223877
5649 24.956172755308614
5650 24.941487964256066
5651 24.939270893081893
5652 24.934321591231964
5653 24.9393536162146
5654 24.93873140678532
5655 24.972685562651478
5656 24.975017372636948
5657 24.94745063478586
5658 24.956871151476047
5659 24.971942248651608
5660 24.918593645508604
5661 24.907144376806958
5662 24.896157868698356
5663 24.905572876205788
5664 24.949047574896866
5665 24.95704985330914
5666 24.99274462040016
5667 24.986172047179572
5668 24.996766970638973
5669 24.984720253825476
5670 25.028917399526723
5671 25.024862309831068
5672 25.00374293584461
5673 25.02786572748651
5674 25.01948763603699
5675 24.99491412975524
5676 25.009826677297255
5677 25.016998823358087
5678 25.039153522914972
5679 25.053640390569306
5680 25.06762788089361
5681 25.072816939816427
5682 25.04023246075963
5683 25.013902353652114
5684 25.005559351048802
5685 24.99615834407809
5686 25.011628415850772
5687 25.023959689235195
5688 24.99443634110561
5689 25.014783396143848
5690 25.03105844671911
5691 25.05003513470766
5692 25.0360785894067
5693 25.018596178866336
5694 25.019130119620765
5695 24.986417569484267
5696 24.987012233922485
5697 24.982783830571343
5698 25.00048589052188
5699 25.001719383005423
5700 25.003098465510256
5701 25.0137366223889
5702 25.003536339393584
5703 25.027508491588787
5704 25.046818903573605
5705 25.009942796166627
5706 25.03577888010735
5707 25.021166262007508
5708 25.02685403902447
5709 25.002669518851558
5710 25.04031015623644
5711 25.0431609003914
5712 25.04494924482629
5713 25.04415909109448
5714 24.988665911252358
5715 24.97981438003208
5716 24.981116335239143
5717 24.963813648484283
5718 24.955744190862465
5719 24.955666029049404
5720 24.98277355965937
5721 25.026736248077842
5722 25.032162208531034
5723 25.03157912133745
5724 25.05199006229755
5725 25.03346353221107
5726 25.02410765837235
5727 25.011821052718997
5728 25.002586875188705
5729 25.00584570779626
5730 25.02696728678229
5731 25.02765659514947
5732 25.004057971385677
5733 25.008494957302265
5734 25.029504051257746
5735 25.05047401693352
5736 25.024376158922955
5737 25.00104768691662
5738 24.962557010394047
5739 24.951422382116352
5740 24.985997722221096
5741 24.979790338449583
5742 24.956365126359014
5743 24.973319766596926
5744 24.95146156731727
5745 24.96716777439395
5746 24.99679133023832
5747 25.00602151133192
5748 25.031317949251918
5749 25.057981229905835
5750 25.051903292784942
5751 25.045255292508447
5752 25.027177217061283
5753 25.021622350087636
5754 25.079000735039013
5755 25.036882185024258
5756 25.05589534368938
5757 25.02154185697946
5758 24.983349010432317
5759 25.019868554076215
5760 25.050239291363862
5761 25.022442295507556
5762 25.00252752811252
5763 25.013114719022536
5764 25.006367725838896
5765 25.010279094036235
5766 25.01345264828711
5767 24.982670163340657
5768 24.988973258200353
5769 25.01633166218837
5770 25.04115059377446
5771 25.036802615516862
5772 25.032344697275253
5773 25.013532658700267
5774 25.024845236094478
5775 25.007525780979133
5776 25.01545394472845
5777 24.99875916640999
5778 25.007512248992587
5779 25.020163200554695
5780 25.019989101853024
5781 25.016109550393185
5782 25.005302136625318
5783 25.022341949939854
5784 24.997400331219314
5785 25.02047314561665
5786 25.01852962558352
5787 25.010167731079992
5788 24.98667319177131
5789 25.002243190955493
5790 25.002345973600463
5791 24.992663576645324
5792 24.980672280264145
5793 24.97320547539452
5794 24.999434462432546
5795 25.006759988656025
5796 25.042443619126832
5797 24.998722545105704
5798 25.004617509949696
5799 25.01901276306066
5800 25.020811548255747
5801 25.000680738249063
5802 24.98945539546272
5803 24.994816716439246
5804 24.995319903422182
5805 24.963799609070257
5806 24.996127319875843
5807 24.97735510883273
5808 24.978507362611815
5809 24.976414544269655
5810 25.00059189456159
5811 25.031145115221534
5812 25.01617721116191
5813 25.05379926526994
5814 25.06415421789247
5815 25.031557743029087
5816 25.031573099515406
5817 25.030481038757
5818 25.05085875594537
5819 25.06968774541496
5820 25.025081545191806
5821 25.0127402766953
5822 25.047956831184145
5823 25.031653982012834
5824 25.000730984017874
5825 25.040552222176427
5826 25.044477790277373
5827 25.092447392037396
5828 25.079330093322938
5829 25.102345615810215
5830 25.08170937409828
5831 25.099323861460523
5832 25.142690145195317
5833 25.11997104841969
5834 25.14043844489762
5835 25.126114785531694
5836 25.116251788308485
5837 25.110172368030298
5838 25.100345990243188
5839 25.124589503632208
5840 25.04379040626275
5841 25.04929306817537
5842 25.08832266781639
5843 25.10476740855988
5844 25.117537944115835
5845 25.124468054373917
5846 25.118329008084597
5847 25.103472727217866
5848 25.060811434540557
5849 25.03735477725347
5850 25.063781716576656
5851 25.0433651235105
5852 25.07118800477757
5853 25.088323849999956
5854 25.037776915190218
5855 25.054772612460017
5856 25.073447198250623
5857 25.055507377414813
5858 25.0540004117394
5859 25.025821026149536
5860 25.028750195281322
5861 25.026379675514146
5862 25.043191144976237
5863 25.044186731342062
5864 25.049781186332456
5865 25.058249115553345
5866 25.07652986006235
5867 25.033620859760127
5868 25.009318758440443
5869 24.96428659106519
5870 25.03127057554207
5871 25.038871587430293
5872 25.00367383273327
5873 25.024138542143657
5874 25.024631732664794
5875 25.027545407988775
5876 25.02968700635411
5877 24.99345552475931
5878 25.023984481630027
5879 25.047937935566253
5880 25.014705169297837
5881 24.998188396951587
5882 24.984250401073098
5883 25.013121951094888
5884 25.01588107083721
5885 24.994607884222948
5886 24.97155771713714
5887 24.962649713711862
5888 24.98193113031344
5889 24.95809396600236
5890 24.955682139277297
5891 24.95656503718669
5892 24.95479564697221
5893 24.93171526826833
5894 24.955372864839564
5895 24.991809076480916
5896 24.99840187186088
5897 25.010028537222595
5898 25.000224787102876
5899 25.028404419475493
5900 25.016834702906625
5901 25.01012500098641
5902 25.010425791414473
5903 25.02500722697412
5904 25.04019817625463
5905 25.04708289365292
5906 25.05397834227396
5907 25.034789289805307
5908 25.040087533525583
5909 25.038480389722086
5910 25.02093304156999
5911 25.01782111832925
5912 25.040003974781843
5913 25.04185643573493
5914 25.04157497002018
5915 25.0406456611018
5916 25.055369624690798
5917 25.032727650803714
5918 25.073229418735686
5919 25.03403140378786
5920 25.035422463388613
5921 25.00394847916339
5922 25.039173517311127
5923 25.009465911254484
5924 25.003761306208634
5925 25.004498269725644
5926 25.013729717636146
5927 25.028407045136156
5928 25.000595286921374
5929 25.015271455264237
5930 25.04127251744458
5931 25.007174519545764
5932 25.04126079222102
5933 25.04243791103541
5934 25.017261771047245
5935 25.04042653946781
5936 25.02770274734127
5937 24.965241194662468
5938 24.97530930016568
5939 25.003649401953012
5940 25.02991353393128
5941 25.0363591962477
5942 25.060587405559836
5943 25.027371887498497
5944 25.030148441822185
5945 25.013478268242427
5946 25.01410431653203
5947 25.030326778323328
5948 25.047385428981908
5949 25.069817375544527
5950 25.06370289009135
5951 25.04181849888275
5952 25.007088214021486
5953 25.014414268015376
5954 25.05347348250407
5955 25.028453142627118
5956 25.026941655184554
5957 25.038393285520613
5958 25.04376468205766
5959 25.017821281189796
5960 24.999144767628046
5961 25.028975399171404
5962 25.022839512400445
5963 25.03571066525083
5964 25.030316994356614
5965 25.049127402547942
5966 25.03179533630655
5967 25.04630312373181
5968 25.03204158277507
5969 25.032844873553884
5970 25.078981288803188
5971 25.088032671161262
5972 25.069503311175765
5973 25.06947498788711
5974 25.126031268524578
5975 25.15306887055228
5976 25.145226691429407
5977 25.13031850648139
5978 25.132855807182327
5979 25.13145751332154
5980 25.12309720707395
5981 25.13701385425801
5982 25.09799502712898
5983 25.09900788117387
5984 25.067649518006526
5985 25.128963324281933
5986 25.11163393808436
5987 25.094946602213113
5988 25.112794978424635
5989 25.097279976255358
5990 25.084360354585563
5991 25.114781765743004
5992 25.06224016594692
5993 25.054867611448934
5994 25.0203420770576
5995 25.028740312672724
5996 25.01828572218542
5997 25.02327194728801
5998 25.040018565653725
5999 25.03237594241742
6000 25.027538901423583
6001 25.033686251653794
6002 25.06585251172017
6003 25.00436307328339
6004 24.96781576766838
6005 24.92456431569098
6006 24.939007803696374
6007 24.961963168377295
6008 24.96085504975699
6009 24.94354237869661
6010 24.96068033998609
6011 24.904303516833806
6012 24.92324137064925
6013 24.96312110114978
6014 24.934936259177
6015 24.959539402961465
6016 24.942336285244735
6017 24.926277253157934
6018 24.960321213389033
6019 24.984110573969257
6020 24.975552137713773
6021 24.98246448963746
6022 24.9974142746465
6023 25.01324817209082
6024 25.01291586980029
6025 25.023447032221622
6026 25.04800471338254
6027 25.03733806823024
6028 25.0338363651015
6029 25.02332425539492
6030 25.00615840154817
6031 25.03337875347189
6032 24.99831682420268
6033 24.965955285504723
6034 24.96572572622453
6035 24.970380870219554
6036 24.996256186258606
6037 24.986676875459
6038 24.968238852118446
6039 24.971438321897647
6040 24.94508458502329
6041 24.934194921783313
6042 24.962111267698827
6043 24.935719415824778
6044 24.928045491058654
6045 24.952843570029735
6046 24.994142867293316
6047 25.00854227578522
6048 25.00951484737116
6049 25.03903041743886
6050 25.049460839322425
6051 25.020064857382007
6052 25.00393696269615
6053 25.030823487138342
6054 24.99592374250549
6055 25.013866057230956
6056 25.038457807302223
6057 25.037503676031086
6058 25.04901636482951
6059 25.073695164400487
6060 25.065032041177048
6061 25.06907327735172
6062 25.058393934286727
6063 25.081193917156646
6064 25.06162951797505
6065 25.043546963221257
6066 25.008010561741113
6067 24.968308151854252
6068 24.94986542901668
6069 24.934275991870983
6070 24.91859912712306
6071 24.9154015851925
6072 24.979526513938456
6073 24.981380532715573
6074 24.979847430002415
6075 24.94971140500241
6076 24.97224993245047
6077 24.97787370957966
6078 24.968303714586348
6079 24.926875973101367
6080 24.902333370845042
6081 24.894558347247205
6082 24.904509666877516
6083 24.899694407505702
6084 24.891672009196483
6085 24.896552405811583
6086 24.909005932820424
6087 24.89453047965759
6088 24.879403979987757
6089 24.874269684425943
6090 24.866240471009686
6091 24.902771089923473
6092 24.940995572137425
6093 24.964443948519524
6094 24.98628507855197
6095 24.973920519236717
6096 24.974934847706653
6097 24.960109305568782
6098 24.99754600703128
6099 25.004139687447502
6100 25.004287603713397
6101 24.993672427367816
6102 25.00413947145019
6103 25.0280997976973
6104 25.02944049175835
6105 25.0356714526828
6106 25.042163499176862
6107 25.02567450039039
6108 25.02310520345903
6109 25.025426525205475
6110 25.004391324667356
6111 24.99223733740514
6112 24.997149828905183
6113 25.014703808997844
6114 25.045770275532213
6115 25.042310422493557
6116 25.037843559147994
6117 24.988029886800724
6118 24.992258666737627
6119 24.972508304315237
6120 24.972691546768164
6121 25.022694529709547
6122 25.005838862427137
6123 25.00765138708834
6124 24.99591385887187
6125 24.987507524645867
6126 24.98024017395122
6127 24.98651371985377
6128 24.960751972657608
6129 24.959000299985828
6130 24.954987036687225
6131 24.956770738109068
6132 24.995705208245464
6133 25.012012808243817
6134 25.01474166446896
6135 24.999973893789313
6136 24.976674367335587
6137 24.993179245294925
6138 25.002647917647312
6139 24.988987516305045
6140 25.02665088748503
6141 25.037009962273753
6142 25.016706440391903
6143 25.0274248986593
6144 25.035916114067497
6145 24.989223623558974
6146 24.995051282898796
6147 24.95576590183956
6148 24.931702260532838
6149 24.907624972074093
6150 24.93927245203051
6151 24.93751713342804
6152 24.911010863276815
6153 24.9108327836122
6154 24.92819553166446
6155 24.935955993964743
6156 24.97763561031932
6157 24.974893941464163
6158 24.93754534805449
6159 24.943617405245003
6160 24.956197093947296
6161 24.957739195316577
6162 24.946205695408324
6163 24.980765881603485
6164 24.984285106552516
6165 24.996725542565084
6166 24.97437725887316
6167 24.920380932607035
6168 24.957711966505588
6169 24.98803125542959
6170 24.96202880326053
6171 25.01091858635157
6172 25.006658883785047
6173 24.988901901276414
6174 24.987868166726724
6175 25.016254411831824
6176 25.006582205604893
6177 25.02162900207537
6178 25.00152693696809
6179 24.99025963872649
6180 25.015397348162505
6181 25.022115200741162
6182 25.01242338509021
6183 24.998508224614348
6184 25.0171774003563
6185 25.032082716316353
6186 25.050159604272988
6187 25.029110130801758
6188 25.034382129514086
6189 25.00380256079831
6190 25.01680572428854
6191 24.99846737305228
6192 24.992551494505136
6193 25.011730386411372
6194 24.987216738238697
6195 24.92807521949928
6196 24.94741179918294
6197 24.943190897191453
6198 24.932487130181432
6199 24.950197922352658
6200 24.96680927635555
6201 25.00003704705222
6202 24.992661126915802
6203 24.976058291855686
6204 24.976517443965058
6205 24.932729966436813
6206 24.938111912911598
6207 24.988946678742558
6208 24.976380872873754
6209 24.9906448180244
6210 24.984963740843927
6211 24.985172294066412
6212 24.98236020359523
6213 24.977114695256414
6214 24.99144958343265
6215 25.008933140402373
6216 25.001292152222188
6217 24.998695064205847
6218 24.98015405342816
6219 25.001715406122592
6220 25.014176884947908
6221 25.029343690276797
6222 25.01581156094308
6223 24.967329904425817
6224 24.971437819701467
6225 24.976571884526823
6226 24.955657855303052
6227 24.971233168912057
6228 24.99153069805944
6229 25.010898996468143
6230 24.993588842352906
6231 24.95609797234967
6232 24.9509800287747
6233 24.98162435013464
6234 24.952868143032944
6235 24.957070334710753
6236 24.967869940287855
6237 24.963757216886016
6238 25.00033525692176
6239 25.018186408953557
6240 25.025040295017078
6241 25.034709866574897
6242 25.012758376591886
6243 25.02079285394151
6244 25.009655059663995
6245 25.035163914848518
6246 25.06498929625603
6247 25.087573106620983
6248 25.116999921955497
6249 25.11221148636206
6250 25.082396966999237
6251 25.084805342504
6252 25.092620729818762
6253 25.074752301509594
6254 25.049985415229546
6255 25.04645343689765
6256 25.026028867156178
6257 25.0495437177323
6258 25.030483434661868
6259 25.000117948699458
6260 24.991131505702068
6261 24.994939316573706
6262 25.00497894464244
6263 24.980438446033766
6264 24.96585589261565
6265 24.913868762038152
6266 24.93859610880267
6267 24.95689978534781
6268 24.943275121072357
6269 24.944680307098345
6270 24.96188023696545
6271 24.983495208777033
6272 25.02587125295111
6273 25.057163785436543
6274 25.058110735820023
6275 25.033283409090096
6276 25.029478414788812
6277 25.035829765745248
6278 24.988096630386483
6279 24.994565662862964
6280 24.964630005991204
6281 24.97609639033569
6282 25.006300623168475
6283 24.978589786649913
6284 24.943944886840743
6285 24.965270237954343
6286 24.972722804709132
6287 24.992849048611955
6288 24.95291102008437
6289 24.91539437334148
6290 24.918167798722667
6291 24.94988226522414
6292 24.90159930418668
6293 24.90774289435784
6294 24.93006273320324
6295 24.955414827885427
6296 24.997174290180375
6297 24.98435795301947
6298 24.99003766626366
6299 24.989840903070736
6300 24.98708824725619
6301 24.97162556943872
6302 24.98339598398892
6303 24.9815742516606
6304 25.011218060144028
6305 25.00024244946116
6306 24.992546777924193
6307 25.009356302683713
6308 24.992487463973156
6309 25.032905920925483
6310 25.068508630998664
6311 25.04244540560147
6312 25.004863859911726
6313 24.999803982519595
6314 24.99969006424353
6315 24.98973832177151
6316 24.989792086418554
6317 24.991940491440964
6318 25.003913815228536
6319 25.01581214064435
6320 24.98407299871757
6321 24.98550538315735
6322 24.99069179867429
6323 24.994259360489
6324 25.00725776060376
6325 25.03007255769598
6326 25.02869720736471
6327 25.027441592554034
6328 25.053877585058682
6329 25.03069644725301
6330 25.00824079741652
6331 25.04347115070792
6332 25.008281167343075
6333 25.00103306507517
6334 24.994657466491766
6335 25.007984283987728
6336 25.016220121164228
6337 24.98188066435172
6338 24.99599315628914
6339 24.947526521715638
6340 24.964418902955945
6341 24.956291873376685
6342 24.966505518051957
6343 24.991071478050007
6344 24.998762110429787
6345 24.996936875820168
6346 24.986552657350025
6347 24.960787707420454
6348 24.96176791698141
6349 24.955498662033907
6350 24.94391943605605
6351 24.93355732952823
6352 24.976665199136686
6353 24.95393211674702
6354 24.958577994991675
6355 24.956654081479357
6356 24.93270672902546
6357 24.918486846333444
6358 24.944978350664563
6359 24.916422840776406
6360 24.93193218795086
6361 24.933225894443826
6362 24.962254348249125
6363 24.98020515932392
6364 24.977281480013108
6365 24.934627789070262
6366 24.956037088717615
6367 25.00537686839102
6368 25.000856734397292
6369 24.963674188704147
6370 24.987207529499653
6371 25.000207247207527
6372 24.976552706863853
6373 24.97005947775058
6374 24.969501044576536
6375 24.979334317948418
6376 24.94822224048225
6377 24.913215288253628
6378 24.917838631571243
6379 24.913663385382055
6380 24.916268146806388
6381 24.8954788862604
6382 24.915323594545107
6383 24.92607172607666
6384 24.9356385253205
6385 24.936895341931226
6386 24.94894377798606
6387 24.90818733544945
6388 24.925534240764197
6389 24.924922916470674
6390 24.946494867790843
6391 24.940850760703878
6392 24.95085615638219
6393 24.964959259404903
6394 25.003628770588612
6395 25.013600408805083
6396 24.997945369211482
6397 25.037501821826712
6398 25.049983677887916
6399 25.055026708730306
6400 25.02241654504612
6401 25.00690457476955
6402 24.975050969286865
6403 24.980121921786676
6404 24.96721126154874
6405 24.94855740831179
6406 24.957011051472378
6407 24.923699480087944
6408 24.932198346914486
6409 24.94498376153794
6410 24.957303012893735
6411 24.96583661342563
6412 24.980881644346354
6413 24.95813302330023
6414 24.95173327495332
6415 24.974820968466332
6416 24.962865119907402
6417 25.015780937410906
6418 24.984530569666536
6419 24.99761178576478
6420 25.003118209142006
6421 24.993079618573166
6422 25.00414209937344
6423 24.9748967098969
6424 25.002002536773066
6425 24.984967139999238
6426 24.999322232499303
6427 24.994454064533905
6428 25.001627564078007
6429 25.006795122861842
6430 25.01007409978963
6431 24.97441391964225
6432 24.988819504889328
6433 24.997136441897364
6434 24.989733349763316
6435 24.95731892830338
6436 24.9805007244938
6437 24.99590847549943
6438 25.009162946691827
6439 25.003034235211032
6440 25.018688160833193
6441 24.96156328495263
6442 24.970527617514055
6443 24.971363773044576
6444 24.975637797845703
6445 24.952040389935526
6446 24.944540377744165
6447 24.981160383532174
6448 24.98103382804272
6449 24.96770002152717
6450 24.96099804304319
6451 24.9470841117162
6452 24.96580208285686
6453 24.9889534585713
6454 24.992203526657843
6455 25.001827948862594
6456 25.016137085553417
6457 25.0226943543649
6458 25.005913613415924
6459 25.026920901177547
6460 24.992578302218835
6461 25.027429641466107
6462 25.01607258300815
6463 24.99580597831462
6464 25.023834971563225
6465 25.051108976352296
6466 25.031975109674992
6467 25.010220344548394
6468 25.043611404017692
6469 25.06913017605577
6470 25.048230755543774
6471 25.02175583837631
6472 25.02391969826992
6473 24.981232051797008
6474 24.998680979519957
6475 24.990953379518466
6476 24.99799658033567
6477 24.982077707077988
6478 24.98261185865387
6479 24.980931748729564
6480 25.006833146366386
6481 25.003573121925324
6482 24.978109670205423
6483 24.944171226278073
6484 24.969073195766658
6485 24.97670623880525
6486 24.96297049253011
6487 24.964939044059502
6488 24.97153702439292
6489 25.003689075175146
6490 24.996115079820097
6491 25.019361894732384
6492 25.019395303024982
6493 24.992448252091073
6494 25.01767131785408
6495 24.983344340011172
6496 24.977739704653054
6497 24.956007749531253
6498 24.967484290810248
6499 24.97393029127897
6500 24.992732093419015
6501 24.95677262111447
6502 24.96642267751347
6503 24.99289666910274
6504 25.007507662980547
6505 25.020986736845913
6506 24.999690479840357
6507 25.016837181014882
6508 25.01683850868184
6509 25.004763614546157
6510 25.018344464168937
6511 25.044469739569564
6512 25.034376926897234
6513 25.050566763632112
6514 25.031614207769472
6515 25.024013426455248
6516 24.993294884242523
6517 24.996154678919147
6518 24.95953921233681
6519 24.921470359785133
6520 24.90520368973653
6521 24.914626935953823
6522 24.912843140212072
6523 24.903537000029534
6524 24.908206209026506
6525 24.92052168704417
6526 24.946670113621884
6527 24.94318371111036
6528 24.957493081645275
6529 24.930387987270937
6530 24.943749198215727
6531 24.931909328515264
6532 24.94225037633784
6533 24.954657777831127
6534 24.957940373730175
6535 24.981957901907453
6536 24.98473324702508
6537 24.998835641928366
6538 24.992877042282974
6539 24.95256797088304
6540 24.9751174419861
6541 24.978783197933623
6542 24.985703830470914
6543 24.938788552435483
6544 24.941328775574753
6545 24.920414078235005
6546 24.90309011223358
6547 24.905477258528315
6548 24.928677194314766
6549 24.930165088037352
6550 24.922304534719412
6551 24.92963089701011
6552 24.91757871811399
6553 24.940668329498944
6554 24.928911686354677
6555 24.928436387662355
6556 24.943312223505107
6557 24.955869971150847
6558 24.92801145532306
6559 24.939741648432246
6560 24.921972879309063
6561 24.911632997602226
6562 24.89793695313919
6563 24.92683130622997
6564 24.94880631113669
6565 24.942957169754823
6566 24.976308919136848
6567 24.959121155760723
6568 24.94666608462157
6569 24.972209811536526
6570 24.968518167527986
6571 24.955904343448704
6572 24.942824336038854
6573 24.95753495315667
6574 24.99353081946885
6575 24.980161025245156
6576 24.968153552563784
6577 24.95422560668605
6578 24.93819115841013
6579 24.950417975192458
6580 24.937266186597185
6581 24.93804935250898
6582 24.935405549218867
6583 24.961671438724355
6584 24.95112858284307
6585 24.999102572423556
6586 24.98150112495628
6587 24.996709770372608
6588 25.00126022922149
6589 25.0007392980577
6590 25.0195879132746
6591 25.022405641163214
6592 25.06425452069992
6593 25.06574840978532
6594 25.05288995592325
6595 25.034331759714746
6596 25.02644566953186
6597 24.992739422379756
6598 24.978100399156457
6599 25.03157290161884
6600 25.042638246207385
6601 25.021157871348663
6602 25.029452041970803
6603 25.014105622777162
6604 25.01245493191452
6605 25.003731544482225
6606 25.008182105462225
6607 25.011865635536324
6608 25.00049578581653
6609 25.003184963857915
6610 25.039360591640467
6611 25.057311956834454
6612 25.037143178284868
6613 25.02360048749487
6614 25.020709121987196
6615 25.036861253564506
6616 25.05452103130812
6617 25.026691241260778
6618 25.036676217770058
6619 25.033132656870574
6620 25.01649403754884
6621 25.01002031344266
6622 24.98139668868526
6623 25.00079664270181
6624 25.01222542311909
6625 25.034334693582334
6626 24.999071193591135
6627 24.983055858212047
6628 24.94282818515825
6629 24.969714251956756
6630 24.949507065763008
6631 24.97079192088126
6632 24.97143763689712
6633 24.99025494290053
6634 24.979129377733386
6635 24.971897099511192
6636 24.994223830697898
6637 25.016652488193607
6638 24.997488634838746
6639 24.9660204433649
6640 24.973023256461154
6641 24.947632504620977
6642 24.94027002118146
6643 24.946446403161293
6644 24.9235353079395
6645 24.929350987407123
6646 24.959561547473946
6647 24.98473284530746
6648 24.98686145690666
6649 24.994218594661188
6650 24.95333745076698
6651 24.952495388093038
6652 24.974117673122358
6653 24.970243102579456
6654 25.008100481243186
6655 25.009745071047597
6656 25.024643134999316
6657 25.05071143421971
6658 25.09927346305161
6659 25.101087373024157
6660 25.086621870006876
6661 25.06857772869982
6662 25.060049313176204
6663 25.04789084747442
6664 25.040278766106066
6665 25.099765244725425
6666 25.042448010508412
6667 25.05776475612761
6668 25.078159857094768
6669 25.05898980657102
6670 25.082929580203704
6671 25.078509506479804
6672 25.047541017335977
6673 25.044781423370203
6674 25.03679591187635
6675 25.018482361954444
6676 25.04959701415916
6677 25.060270685395608
6678 25.06552873048267
6679 25.036154250630652
6680 25.045311300738103
6681 25.030053607092956
6682 25.001791071437296
6683 24.974519116644114
6684 24.968244433682692
6685 24.99387009015884
6686 24.986921158611555
6687 25.00470207788992
6688 24.972234345947868
6689 24.98185262015426
6690 24.976478942093564
6691 24.985683132578682
6692 25.001628028016558
6693 25.030606777651627
6694 25.007779731747938
6695 25.035861903563255
6696 25.021427785148717
6697 25.00493229712083
6698 25.05654251136026
6699 25.065379205029522
6700 25.076103469960955
6701 25.057690419165183
6702 25.043241819345713
6703 25.018835735696314
6704 25.027389290805058
6705 25.03652154214518
6706 25.027974313525284
6707 24.99757458550897
6708 24.998543774464682
6709 24.97862690447036
6710 24.98219120323032
6711 24.988130858970056
6712 24.99578960270523
6713 25.021365024278037
6714 25.033259460244793
6715 25.05281534855737
6716 25.009350619929634
6717 25.036705190205165
6718 25.028711092088788
6719 25.021056221646838
6720 25.036395136801012
6721 25.036788145343074
6722 25.043931291700385
6723 25.069257496153647
6724 25.082786612778147
6725 25.075659968385953
6726 25.065962774958443
6727 25.068254315129664
6728 25.08606929813287
6729 25.08448948014549
6730 25.048703106198708
6731 25.029887748656794
6732 25.076766687049414
6733 25.10957374922922
6734 25.084598391179718
6735 25.120116260025288
6736 25.10231189755148
6737 25.09431066826565
6738 25.078896088090463
6739 25.081203194568648
6740 25.093105568272396
6741 25.077791753680092
6742 25.051939724391875
6743 25.06596372503902
6744 25.095868974404027
6745 25.06606671275908
6746 25.03776630929421
6747 25.032858265577254
6748 25.046280130095727
6749 25.021431216847276
6750 25.03446251906908
6751 25.01855772874444
6752 25.03556433259181
6753 25.03702341374993
6754 25.017864146924495
6755 25.00527411416007
6756 25.03598843887618
6757 25.040250254038945
6758 25.0449223100068
6759 25.056187020513597
6760 25.06490151207344
6761 25.024485813068186
6762 24.996492598695394
6763 25.0193928503892
6764 25.02879187773042
6765 24.998715606073382
6766 24.973251293014343
6767 24.94997177773706
6768 24.95521193694987
6769 24.93638530924754
6770 24.923935316157227
6771 24.966363102907717
6772 24.95554053017579
6773 24.967729079229986
6774 24.967831609648442
6775 24.986040972403938
6776 24.972201933666845
6777 24.98750039705772
6778 24.99523235529851
6779 24.968841337036192
6780 24.997371717420027
6781 25.01380066195804
6782 24.995779626292073
6783 25.012468085386523
6784 25.043746955186748
6785 25.038930874448056
6786 25.039552676818886
6787 25.043040890309467
6788 25.026776146235036
6789 25.016109334525733
6790 25.010316495362854
6791 25.025168925838297
6792 25.024651924241354
6793 25.011423505420762
6794 24.98846284986597
6795 24.972418690717802
6796 24.982003033529015
6797 24.987762330594652
6798 24.982653181913953
6799 24.995619022797182
6800 25.007703358457025
6801 24.988486679769437
6802 25.014503559330283
6803 25.020655019765265
6804 24.997897286558445
6805 25.011368509484686
6806 24.991614274469878
6807 25.017333384116423
6808 25.01181923792818
6809 25.067121039426144
6810 25.053297326374945
6811 25.066615364544745
6812 25.039539699233536
6813 25.015324390948177
6814 24.971603080676843
6815 24.951903994105425
6816 25.002157886210426
6817 24.99097902347802
6818 24.958098230144014
6819 24.996716066805476
6820 25.002534631186666
6821 25.056855527048466
6822 25.02523709521481
6823 25.0438410272907
6824 25.000711215095496
6825 25.0081275404362
6826 25.00597401331661
6827 24.96997293803689
6828 24.980890881474412
6829 24.98364277855209
6830 24.997380370066114
6831 25.01046142854551
6832 25.04800590722973
6833 25.04885615700073
6834 25.05855181695593
6835 25.05646434021843
6836 25.04009421303068
6837 25.001794088850303
6838 25.030559548620325
6839 25.019388852249023
6840 24.985198236571733
6841 24.98544347541994
6842 24.993750225922778
6843 24.982499893204125
6844 24.96227199143365
6845 24.93091140903758
6846 24.95821178869469
6847 24.990384323369106
6848 24.989032572089574
6849 25.022220355824786
6850 24.99175435196486
6851 25.013994654244204
6852 24.984099205785512
6853 24.979638136386697
6854 24.983109987928163
6855 25.002870457051944
6856 24.999525438244206
6857 25.01402450532674
6858 24.986902132881195
6859 24.98027492285404
6860 24.988008527050056
6861 24.985071339248154
6862 25.012246024129723
6863 24.967894568239636
6864 24.966099313489757
6865 24.96437665174173
6866 24.960437233768953
6867 24.991533508298044
6868 25.009212486926714
6869 25.033549498090917
6870 25.004986476826826
6871 25.01960722444143
6872 25.00159457026595
6873 24.99662668173203
6874 24.973805547520204
6875 25.001475137850527
6876 24.977806559523028
6877 24.97570422555664
6878 24.97194990821474
6879 24.99089001462152
6880 24.98308465820205
6881 24.98948820299343
6882 24.992330116587816
6883 24.98429361366998
6884 25.03177613484375
6885 24.994480669413047
6886 25.012343117123436
6887 25.00142587109063
6888 25.007453209292382
6889 24.963673672037608
6890 24.96184860890367
6891 24.978524146970038
6892 24.97044430481811
6893 24.974953576783307
6894 24.9673685964817
6895 24.975790749533626
6896 25.01318515787984
6897 25.008121226466752
6898 25.016971817576607
6899 25.036150698820627
6900 25.01905916533778
6901 24.99380313629405
6902 24.990778748510085
6903 24.960573569158537
6904 24.981270493580006
6905 24.96407788036433
6906 24.97073844459473
6907 24.9414823995501
6908 24.942656982470595
6909 24.94099109303972
6910 24.971266876106014
6911 24.984056183369514
6912 25.005472245940357
6913 25.01316402387744
6914 25.015188015099334
6915 25.008139021374788
6916 25.00903684635118
6917 24.995350907120233
6918 24.98750927877804
6919 24.963303009439258
6920 24.98080592978418
6921 25.02894714030947
6922 25.003350654698902
6923 25.04019267844975
6924 25.065341000306994
6925 25.075386976009668
6926 25.082583236150395
6927 25.064940187295115
6928 25.042919892361425
6929 25.041014258095547
6930 25.027539346072857
6931 25.03271389300723
6932 25.02024983651678
6933 25.017830563628426
6934 25.037610722730243
6935 25.049220888978006
6936 25.07466811295079
6937 25.061614262452895
6938 25.03967612241931
6939 25.019121256449456
6940 25.03181665687723
6941 25.023729934366497
6942 25.028203462634668
6943 25.03854504638724
6944 25.05254190139866
6945 25.047580348216275
6946 25.032612883582562
6947 25.042087127477096
6948 25.03118890563482
6949 25.029776998337393
6950 25.047599386838353
6951 25.050511680242224
6952 25.032811943688053
6953 25.01846084531714
6954 25.02517387832426
6955 25.047889598816692
6956 25.039813082782963
6957 25.019791933901306
6958 25.017227092776952
6959 25.01194151067961
6960 24.995114750968234
6961 25.010531248498033
6962 25.023482346931118
6963 25.03962673356386
6964 25.021327993834944
6965 25.032797203069673
6966 25.03915781807634
6967 25.0278358490436
6968 25.04254017808647
6969 25.015533354315576
6970 25.001334479102375
6971 25.011464036899312
6972 24.95923400519312
6973 24.96302586828
6974 24.986044733659476
6975 25.04003932043504
6976 25.05481675830229
6977 25.043576211230096
6978 25.039045196887827
6979 25.056390516706877
6980 25.007609600870502
6981 25.01266009371833
6982 24.975077147765884
6983 24.982618950984104
6984 24.985197522435037
6985 24.98611222371968
6986 24.947180303458982
6987 25.009660301242114
6988 24.9844048314991
6989 25.046980920694306
6990 25.027858391925502
6991 25.048561966002122
6992 25.053265208049353
6993 25.039362565372965
6994 25.062081573619018
6995 25.043634508974495
6996 25.04601828798596
6997 25.039569266233684
6998 25.00236428517438
6999 25.016712888915226
7000 24.985009504243372
7001 25.000482788673317
7002 24.98333657896289
7003 24.974136025756515
7004 25.00071891528521
7005 25.009486256596134
7006 25.01875173975966
7007 25.013979291646397
7008 24.98304137312946
7009 24.983602318839214
7010 24.93530702404641
7011 24.977895548018388
7012 24.96994674960243
7013 24.948132894627868
7014 24.937638157093417
7015 24.906995088915718
7016 24.86185324319537
7017 24.86602452837951
7018 24.906641708711934
7019 24.893079352981623
7020 24.937541205198144
7021 24.93491477391132
7022 24.92857481745026
7023 24.94801514115685
7024 24.977622531804105
7025 24.984374636517558
7026 24.965725713452112
7027 24.9966556274136
7028 24.993809645138178
7029 25.037059674418508
7030 25.054829923241503
7031 25.041272465018736
7032 25.010851225376722
7033 25.03260782683256
7034 25.058067303752924
7035 25.073804108692546
7036 25.051811754835608
7037 25.072594270332196
7038 25.042047271859047
7039 25.015346999137932
7040 25.043882193101474
7041 25.047327474764316
7042 25.00620343891439
7043 25.036172553968612
7044 25.03193300960701
7045 25.012084454985132
7046 25.014295970182104
7047 25.031721112044057
7048 25.049757190195294
7049 25.048569830282823
7050 25.038232724978844
7051 25.0179105917464
7052 24.987283359878006
7053 24.98332040812162
7054 24.974885951302834
7055 24.99081499973444
7056 24.995929057781755
7057 24.96257929482403
7058 24.960859995473733
7059 24.995354819397786
7060 24.988230842131575
7061 24.99517184603108
7062 25.02936806741491
7063 25.02243198677346
7064 24.971833498115764
7065 24.985457906706973
7066 25.00400039728524
7067 25.03447831126745
7068 25.02066308996863
7069 25.001826594457075
7070 24.96297661606863
7071 24.995360230998784
7072 25.00335593259225
7073 24.986874986947704
7074 24.957769275270387
7075 24.969809542919418
7076 24.981918822523657
7077 24.95081026782343
7078 24.95273412794615
7079 24.96644601605114
7080 24.964338238110003
7081 24.980011599367828
7082 24.98809263754643
7083 25.02007304627346
7084 25.042986373977445
7085 25.004186604302312
7086 24.976218753008826
7087 24.980275866527684
7088 25.015120405691466
7089 25.017274011381932
7090 25.00287422029954
7091 25.03422088788012
7092 24.998307039681254
7093 24.985615970363497
7094 24.968304721511977
7095 24.976614215642297
7096 24.986355779351822
7097 24.97927957455811
7098 25.008648927960962
7099 24.978697817951687
7100 24.996658812536392
7101 24.95978982468512
7102 24.968796001441486
7103 24.958543588865115
7104 24.947855931649862
7105 24.92678313494984
7106 24.960944394994304
7107 25.007600291103177
7108 24.96308427706617
7109 24.922634652345216
7110 24.94027929245688
7111 24.92476441120627
7112 24.944025840540775
7113 24.95543537392688
7114 24.962665993795127
7115 24.959579380472622
7116 24.947824623518365
7117 24.969252161090033
7118 24.958868043798454
7119 24.993325992785643
7120 24.96882486979272
7121 25.01075623360457
7122 25.034544527548118
7123 25.0202982632574
7124 25.00626340912184
7125 24.98704087643066
7126 25.012451771190356
7127 25.032546863213643
7128 25.042287641241245
7129 25.026464320148463
7130 25.018445121885478
7131 24.968408574833138
7132 24.976975525443123
7133 25.0047057753864
7134 24.973453904126224
7135 24.978130220917773
7136 24.997947144105527
7137 25.004695534103874
7138 25.04406772786186
7139 25.04378668602698
7140 25.013756733648776
7141 24.99503301782567
7142 25.024232975552692
7143 25.020030819678535
7144 25.024918964436136
7145 25.025606693176435
7146 25.037813042921588
7147 25.023034159932994
7148 24.9926075509551
7149 24.964689336112066
7150 24.96524771989768
7151 24.973786721011557
7152 24.95859649788782
7153 24.949650427014944
7154 24.965211840882098
7155 24.943362056453335
7156 24.909556193958203
7157 24.94133054389642
7158 24.935618230596464
7159 24.921837739089543
7160 24.907148362611974
7161 24.919873804498295
7162 24.939375160686037
7163 24.929212948049194
7164 24.944250889587195
7165 24.935930139478593
7166 24.90713082977062
7167 24.883508370771906
7168 24.874356721862803
7169 24.88758497075255
7170 24.87935981163968
7171 24.891874243300972
7172 24.915751824058432
7173 24.929749329978954
7174 24.9398226696537
7175 24.96115854762465
7176 24.978020218127476
7177 25.01806698382946
7178 25.03477188949366
7179 25.05536291628836
7180 25.063919141866595
7181 25.029941584954777
7182 25.045831626149894
7183 25.06543492028662
7184 25.04072654018747
7185 25.032479534427246
7186 25.071093227294035
7187 25.102334941243836
7188 25.099894149206783
7189 25.064042693822383
7190 25.05139760572261
7191 25.057417249924953
7192 25.043371376488444
7193 25.020805927141115
7194 25.006247858579382
7195 24.953855932956973
7196 24.99110887221634
7197 25.001329967508536
7198 24.97371378243191
7199 24.963780237530333
7200 24.99613652311762
7201 24.970119025794094
7202 24.968010823904443
7203 24.947426733480757
7204 24.94357692927341
7205 24.9659486691544
7206 24.965505343482086
7207 24.951719179671656
7208 24.93449769668071
7209 24.945350685607604
7210 24.953300597723437
7211 24.974841681099342
7212 24.98645072682182
7213 25.017766378157688
7214 24.995820007355555
7215 24.987371335492536
7216 24.954226721252837
7217 24.98901418540144
7218 24.990047800176164
7219 25.030587703530557
7220 25.020821079091625
7221 24.981943881274695
7222 24.950743506164294
7223 24.96993608561579
7224 24.939489989611026
7225 24.94438336153773
7226 24.934600431220712
7227 24.96688291520857
7228 24.957359818903054
7229 24.97525232868762
7230 24.971205428474786
7231 24.99026991742683
7232 25.01060887881215
7233 25.019492795807324
7234 25.001206741913784
7235 24.97885462870814
7236 25.00614250052601
7237 25.025288740363063
7238 25.026387866645468
7239 25.005669123293913
7240 25.030301034981797
7241 25.0565752548447
7242 25.04261805496007
7243 25.04579202106267
7244 25.020602209383238
7245 25.01213388376405
7246 24.996622985776998
7247 25.039471310559613
7248 25.03917671739382
7249 25.031049687596678
7250 25.010933664760945
7251 25.038751182436588
7252 25.072593830753167
7253 25.02966280889824
7254 25.026402486274787
7255 25.036750912253993
7256 25.006436016111834
7257 25.011368558681852
7258 25.012376553217695
7259 25.013328361657386
7260 25.03434972701145
7261 25.05208963396943
7262 25.024952587953333
7263 25.02492868634341
7264 24.994425248770746
7265 24.969534438396852
7266 24.96154196516669
7267 24.950346849255123
7268 24.922575259406212
7269 24.967860175062953
7270 24.939939548102814
7271 24.958334654144792
7272 24.95955520032027
7273 24.944677666283624
7274 24.952012994488804
7275 24.94845601515318
7276 24.92064520908259
7277 24.942306829948816
7278 24.9554372198811
7279 24.966922436137693
7280 24.973325230715204
7281 24.990590027573386
7282 24.987448510307807
7283 24.955602146130634
7284 24.97018166798919
7285 24.962066903358824
7286 24.94899715025196
7287 24.953588480950668
7288 24.92282015610418
7289 24.913602986636068
7290 24.94434087949331
7291 24.960779314501952
7292 24.965953372499726
7293 24.99517897923313
7294 24.948309016605815
7295 24.955168422646118
7296 24.98914984762553
7297 24.987558180765166
7298 24.994860736725023
7299 24.96573199193554
7300 24.95950750127472
7301 24.96786019810946
7302 25.010299843345997
7303 25.037075476057076
7304 25.037639438190496
7305 25.019311322631975
7306 25.022523188749293
7307 25.02536777511261
7308 25.010608263407228
7309 25.039086953001664
7310 24.987805383687018
7311 24.98094287827732
7312 24.97366235728089
7313 24.93675170138214
7314 24.951265343254985
7315 24.957992209175035
7316 24.94081906688017
7317 24.93440856287782
7318 24.95010154501814
7319 24.92852234024907
7320 24.89673159393907
7321 24.918816266387683
7322 24.923880284674976
7323 24.978142144118294
7324 24.979127458233066
7325 24.926001999870063
7326 24.917775164639078
7327 24.94083703576426
7328 24.977008183374885
7329 24.98517790441851
7330 24.9709314259284
7331 25.011113738069373
7332 24.973393707023977
7333 24.957840346774805
7334 24.906972400386227
7335 24.90087171567252
7336 24.897817762867334
7337 24.881893441635626
7338 24.888491461551713
7339 24.872065961524477
7340 24.877930760951912
7341 24.884104620252053
7342 24.8616101150535
7343 24.883306595724484
7344 24.876816835121456
7345 24.909352159770894
7346 24.91271986334317
7347 24.913403004267458
7348 24.906749697444955
7349 24.897877000828363
7350 24.97273910193022
7351 25.007022071526855
7352 25.02830035362529
7353 25.025651396037105
7354 24.99911899105815
7355 25.002763275907903
7356 25.03175241686041
7357 25.056240276899107
7358 25.04281534763896
7359 25.03198544085609
7360 25.016585997545263
7361 24.970480151191893
7362 24.963716845202764
7363 24.945650117974626
7364 24.94357271004254
7365 24.96457892572973
7366 24.94251685380347
7367 24.94267063417316
7368 24.94890872959558
7369 24.953429322890564
7370 24.955453545856354
7371 24.958180622230522
7372 24.935686947277034
7373 24.923173073312995
7374 24.966027425852477
7375 24.966630382005324
7376 25.02253316420249
7377 24.998517854944076
7378 24.99373016707441
7379 25.015065052411693
7380 25.012963733971336
7381 25.012172197870854
7382 24.99983447592734
7383 24.99066371228493
7384 25.006995999809863
7385 25.006336355924976
7386 24.990123169193065
7387 24.984715845639904
7388 24.986182563664396
7389 24.982970365925887
7390 25.003726510762746
7391 25.035698924768642
7392 25.008447613075646
7393 24.99356312898611
7394 24.96865874636538
7395 24.95302680752834
7396 24.984120477336653
7397 25.023049090532112
7398 25.024248460729524
7399 25.00678159681853
7400 24.993014993186662
7401 24.995981540459393
7402 24.994352554292426
7403 25.03572647611563
7404 25.04929241330445
7405 25.013268834139406
7406 25.046010117702963
7407 25.05763025085923
7408 25.079198482287566
7409 25.047881695066447
7410 25.027294723568794
7411 24.990286559681223
7412 24.985209175921952
7413 24.95608122900266
7414 24.96061505713998
7415 24.967112249259593
7416 24.9816401647158
7417 24.9869830527735
7418 24.984913205160062
7419 25.017742262024363
7420 24.97891812020337
7421 25.03722304335061
7422 25.052383673273905
7423 25.045771790836234
7424 25.01790011800498
7425 24.995035076959038
7426 25.025136289614373
7427 25.014501977423105
7428 24.999648692665524
7429 24.978216387775422
7430 24.990572984787523
7431 24.96863787436692
7432 24.968100742753133
7433 24.94942318143781
7434 24.962208449105223
7435 24.951127551632524
7436 24.939016928012872
7437 24.956527801470003
7438 24.95707775630251
7439 24.98155149018399
7440 24.99018320317941
7441 24.965860132628357
7442 25.013787381480928
7443 25.06422819902243
7444 25.01370018935851
7445 25.064539832089498
7446 25.083192542148055
7447 25.068030088398167
7448 25.054465300566093
7449 25.006035778498063
7450 24.946064997026856
7451 24.990718480743144
7452 24.974641229274713
7453 24.976712982448525
7454 24.988096650323854
7455 25.007741003726004
7456 25.007166599342792
7457 25.00429137297949
7458 24.996969193442126
7459 24.99243679267806
7460 24.965607788716284
7461 24.939008751893784
7462 24.935970062507376
7463 24.98130176118688
7464 25.008391069124578
7465 24.99597796829213
7466 24.995315474614408
7467 24.954978670651975
7468 24.92620621332389
7469 24.958105694205504
7470 24.91198658548518
7471 24.93068541758349
7472 24.91166222298948
7473 24.925179617449267
7474 24.906404516121174
7475 24.919740796742815
7476 24.8703892689063
7477 24.877196991877888
7478 24.902882856706615
7479 24.900963794697315
7480 24.914791886660236
7481 24.933096470279445
7482 24.940956008810915
7483 24.93161446080227
7484 24.904554196707277
7485 24.90680233265432
7486 24.88956467690368
7487 24.940092358870363
7488 24.950697762858248
7489 24.95437988077105
7490 24.964905198058215
7491 24.991781869437027
7492 24.986924090747124
7493 24.959045883658813
7494 24.91934935089581
7495 24.949695365401514
7496 24.95546537972565
7497 24.964551683676685
7498 24.97698310114482
7499 24.96528392006588
7500 24.942041990488914
7501 24.931486945611773
7502 24.981571055626816
7503 25.022707311178955
7504 25.00665500404223
7505 24.988405698145066
7506 24.91482367499274
7507 24.879391473603313
7508 24.84432120143817
7509 24.852340094009513
7510 24.830828897095493
7511 24.83246713991649
7512 24.825603958650003
7513 24.831422248239523
7514 24.85465765756633
7515 24.877210785109977
7516 24.89364371998903
7517 24.88887500116169
7518 24.898250119231417
7519 24.941902623149474
7520 24.92790659132359
7521 24.934534189081667
7522 24.89181355584249
7523 24.893894182392614
7524 24.91419956529832
7525 24.93745229446212
7526 24.960694747585595
7527 24.974521578588785
7528 24.952829783929474
7529 24.95643074396406
7530 24.937736889186755
7531 24.936846381107326
7532 24.96047977939524
7533 24.997699338986227
7534 25.001088446444516
7535 25.00398991959008
7536 24.982792494981133
7537 25.017864895011108
7538 25.061010489668238
7539 25.05887559672206
7540 25.058520094534217
7541 25.082523972681777
7542 25.076990120428547
7543 25.060906780319176
7544 25.00733937770192
7545 24.985654208849624
7546 25.013166868862726
7547 25.00175206075811
7548 25.013626880432206
7549 25.012620090428516
7550 24.998857759475047
7551 24.97939573033292
7552 24.99826851811168
7553 24.996540208102747
7554 25.035707459530705
7555 25.054372464784752
7556 25.05864034038416
7557 25.043188083418567
7558 25.032196918123866
7559 25.00739798536471
7560 25.014138633020043
7561 24.9983917361801
7562 25.009298741018473
7563 25.01267091355476
7564 24.984190036444996
7565 24.988786315587518
7566 24.99134895166899
7567 24.949516204988996
7568 24.947158391407367
7569 24.99327512479495
7570 24.97363722067298
7571 24.98849723482018
7572 25.00409970746569
7573 24.96394478849032
7574 24.949458028767463
7575 24.967207568905383
7576 24.9689380405874
7577 24.93004461185946
7578 24.943470350008678
7579 24.94620472189853
7580 24.92679982632533
7581 24.897316046513907
7582 24.899516714563553
7583 24.947964932815275
7584 24.96029346202818
7585 24.96921165515259
7586 24.978102628990715
7587 24.941977760409767
7588 24.899915609462443
7589 24.928590620885217
7590 24.918932116867726
7591 24.91575118335968
7592 24.884814197465015
7593 24.902962692314723
7594 24.91969351130326
7595 24.944441666373315
7596 24.94516395130996
7597 24.92225808565565
7598 24.955300341962133
7599 24.95094185759804
7600 24.932377540662753
7601 24.930639387290814
7602 24.95532621499611
7603 24.950985572269825
7604 24.911825427586837
7605 24.901210300830595
7606 24.90902414413094
7607 24.942357290717542
7608 24.96869941768946
7609 24.991645512321313
7610 25.026156259828188
7611 25.0214235172408
7612 25.04478319073759
7613 25.04644970856959
7614 25.070939828446814
7615 25.039751834551677
7616 25.015223446286573
7617 25.028448962324426
7618 25.040324575855557
7619 25.016881973627974
7620 24.978129833420894
7621 24.96431907202677
7622 25.002188112472695
7623 24.976511027076942
7624 24.98825899648684
7625 24.969935301899678
7626 25.01623122863895
7627 24.980618722730366
7628 25.006275811176746
7629 24.97837485965824
7630 24.986786266805897
7631 25.002416934392542
7632 25.007005553025447
7633 25.022305197738966
7634 25.02252001578555
7635 24.988488163572853
7636 24.9938848574075
7637 24.985061330050595
7638 25.023331399378772
7639 25.04389493377131
7640 25.059859151135758
7641 25.031464651759123
7642 25.06976629746871
7643 25.040967297354257
7644 25.037467007986184
7645 25.046917304067534
7646 25.020115897289813
7647 25.024609523918098
7648 25.017547302635645
7649 25.024374440105383
7650 25.0095764418625
7651 25.016403757723022
7652 25.0436986935571
7653 25.02914234668322
7654 25.06794219424573
7655 25.06351800736986
7656 25.015540296080363
7657 25.00756753722071
7658 24.992430967735807
7659 24.958389996571693
7660 24.985429869099438
7661 24.994889378451585
7662 24.99299775587608
7663 25.022464091116287
7664 25.02835216804312
7665 25.03108993690601
7666 25.025258991772283
7667 25.04559329916253
7668 25.00497227358482
7669 24.99430607042516
7670 24.97543120779639
7671 24.99812084180482
7672 24.978718513425157
7673 24.97334753372749
7674 25.00983132153521
7675 25.028505130318237
7676 24.991831452326103
7677 24.977587521168864
7678 25.00140623592143
7679 24.996948353890435
7680 24.989649198760564
7681 24.993362239491397
7682 24.957464389275522
7683 24.960643111230418
7684 24.932316943335405
7685 24.970780883876305
7686 24.992106899527737
7687 24.988713270602698
7688 25.015610817162873
7689 25.002976889105103
7690 24.993296706240397
7691 24.97646180693879
7692 24.98312416980372
7693 25.009646156786932
7694 24.97373117329785
7695 24.98227832791232
7696 24.952925073190073
7697 24.966544018106415
7698 24.989926507776108
7699 25.01084582291274
7700 25.019773836751693
7701 25.02377735368215
7702 25.00227661644062
7703 25.01563364684567
7704 24.99929458934651
7705 25.00831905561336
7706 25.025087720891282
7707 25.031611527771897
7708 25.03702618970816
7709 25.05213403611556
7710 25.04164347604554
7711 25.0263978519459
7712 25.02190267261435
7713 25.044166859561447
7714 25.054300199668404
7715 25.017214196716463
7716 25.020897564408365
7717 25.032983088460266
7718 25.046327589737114
7719 25.068457569372992
7720 25.068864229788023
7721 25.06036324179858
7722 25.0667479681218
7723 25.009433121094553
7724 25.02006392726488
7725 25.030729162565326
7726 25.0355438634348
7727 24.999233977145824
7728 24.991278880269437
7729 24.967986681538495
7730 24.992149310678677
7731 24.994377134555286
7732 24.98073615114753
7733 25.02237029024332
7734 25.014203292108867
7735 24.982240871929516
7736 25.01387407659006
7737 25.019161319134945
7738 25.022638820317116
7739 25.039428114958408
7740 25.025875915139302
7741 25.001292120892614
7742 25.027014408938733
7743 25.049787993451808
7744 25.035194725537146
7745 25.030176135818294
7746 25.010631250245098
7747 25.033132725933633
7748 25.064839294419517
7749 25.062596780920547
7750 25.032771972115253
7751 25.019635964077484
7752 25.044726480398886
7753 24.98790848388679
7754 25.026770258588392
7755 25.025647922834356
7756 25.04159533243431
7757 25.034257168279694
7758 25.066561698461854
7759 25.025919052404017
7760 25.01812628032515
7761 25.014608393396877
7762 25.0312729320896
7763 25.052840917137715
7764 25.054135223328217
7765 25.047722018249548
7766 25.043549445340226
7767 25.048188016243486
7768 25.004796843828007
7769 25.041042295707474
7770 25.019169553752903
7771 25.019376931396643
7772 25.03884928712602
7773 25.02341084817159
7774 25.01408061971089
7775 25.015946247349518
7776 25.052759156168765
7777 25.044854144645917
7778 25.072757754609828
7779 25.04275790316231
7780 25.048615850217804
7781 25.016416662694773
7782 25.02552204530159
7783 25.01167096560714
7784 25.008815550203153
7785 25.028186378174887
7786 25.004613234011515
7787 24.999438844741054
7788 25.00602575746453
7789 24.994520044003245
7790 24.985626759656412
7791 24.960189022955294
7792 24.992726115910553
7793 25.00010329652738
7794 25.03945046267557
7795 25.03941300288403
7796 25.03788819967435
7797 25.03861036974228
7798 25.02994963600578
7799 25.0338008071199
7800 25.028371482036327
7801 25.035831419356576
7802 25.028400852788966
7803 25.000373090936442
7804 25.006250068999115
7805 25.02114690118582
7806 25.014497911895877
7807 24.982130934203525
7808 24.965390907141728
7809 24.959997924600838
7810 24.962568886894534
7811 24.984817893669078
7812 24.999330266988796
7813 25.014107997184702
7814 25.001074125149284
7815 24.992854288352984
7816 25.01659652534763
7817 25.005692479053998
7818 24.998949945645435
7819 25.038733030115367
7820 25.010474677670334
7821 25.006608300497337
7822 25.018429927115495
7823 25.000254274768984
7824 25.007868347570987
7825 24.99339475343544
7826 25.02463148926662
7827 25.005676278984794
7828 25.02670489164213
7829 25.00940253374982
7830 25.052518067753272
7831 25.058241335702302
7832 25.05907665774052
7833 25.040904603807483
7834 25.018182675892245
7835 25.033920220501567
7836 25.040003745777728
7837 25.03482921562502
7838 25.06963235424706
7839 25.04829924163198
7840 25.042934324771625
7841 25.06041237785837
7842 25.051146164494455
7843 25.041624780044124
7844 25.057538925113104
7845 25.074155180883594
7846 25.063872447615285
7847 25.032221271940376
7848 25.021826460857632
7849 25.003012282251202
7850 25.00499998577786
7851 24.955034112645038
7852 24.93244837363493
7853 24.929763716745583
7854 24.938813572489952
7855 24.910891408427627
7856 24.92962887197877
7857 24.93481664148802
7858 24.946618306394807
7859 24.94669372029824
7860 24.91885054846202
7861 24.9365226564275
7862 24.9420919231562
7863 24.922585909282628
7864 24.94610427567864
7865 24.97517488554692
7866 25.021316061911133
7867 25.040394800392765
7868 25.033107578135688
7869 25.01252976113097
7870 25.004794989836896
7871 24.98277576565731
7872 24.98569470070244
7873 24.955853077326033
7874 24.966039881270465
7875 24.978721847958408
7876 24.989405545276803
7877 24.942264102018306
7878 24.93246480149311
7879 24.927931644763696
7880 24.912029780379452
7881 24.91463900467442
7882 24.936231824392024
7883 24.96730816818896
7884 24.940537507473966
7885 24.930869511677642
7886 24.947375877779415
7887 24.95102702408421
7888 24.95526631510264
7889 24.986086018775758
7890 25.024511142226057
7891 25.050193425435374
7892 25.045905738375893
7893 25.058830899282768
7894 25.010787637477524
7895 25.009860129277815
7896 25.03082831584428
7897 25.039602904811762
7898 25.027464382539858
7899 25.02798244463736
7900 25.029247352503358
7901 24.987804630632827
7902 24.96765503218434
7903 24.984572049344152
7904 24.98022546233202
7905 24.964527178212656
7906 24.977783869319435
7907 24.996459156628504
7908 24.943952869731806
7909 24.937612516173864
7910 24.950775648514387
7911 24.9427067441877
7912 24.97590117071897
7913 24.970866897142084
7914 24.980633936426536
7915 24.992194438458974
7916 25.03161624757183
7917 25.027257687975865
7918 24.994894018814648
7919 25.025093205783207
7920 24.993907677527712
7921 24.983437331014724
7922 24.99194730159934
7923 24.987971694530202
7924 25.010757174330884
7925 25.01151223366786
7926 25.014332420720645
7927 25.02499990749342
7928 25.07120176650222
7929 25.10701819812732
7930 25.07685596806348
7931 25.061114141464444
7932 25.04580102252148
7933 25.02487175041511
7934 25.044748111236817
7935 25.057800383647134
7936 25.06282987841381
7937 25.068537458567995
7938 25.0579587341907
7939 25.075218806184655
7940 25.041454347104924
7941 25.032744347001096
7942 25.003682862791194
7943 25.036032991478734
7944 25.06523653996763
7945 25.045018123128404
7946 25.049062700555453
7947 25.100166576913388
7948 25.09602926028792
7949 25.092610376099586
7950 25.033086815408993
7951 25.028379455326565
7952 25.010442320609034
7953 25.016896229879993
7954 25.062551837081386
7955 25.03070953576761
7956 25.02697373572024
7957 25.015105400512464
7958 25.01115779135499
7959 25.005545292268415
7960 24.98046583377632
7961 24.96602114000291
7962 24.991210151387957
7963 24.98961502822513
7964 24.95053546341202
7965 24.987954898719344
7966 24.981188129436553
7967 24.99943189454415
7968 25.007541193214625
7969 24.967190946011538
7970 24.94979640300698
7971 24.980599295119404
7972 24.970721923762195
7973 24.949696293066992
7974 24.945045872661204
7975 24.98402334607986
7976 24.983921812814152
7977 24.959031590845
7978 24.950880657262605
7979 24.951991883647192
7980 24.944864983463166
7981 24.979069496385954
7982 24.973113076159336
7983 24.991081636616517
7984 24.987965379477824
7985 24.95340450935608
7986 24.933583428076677
7987 24.9541192622583
7988 24.948893705600902
7989 24.97507306957262
7990 24.95834830683747
7991 24.955426951632674
7992 24.953336578123118
7993 24.94577501801095
7994 24.944785065845082
7995 24.941525640970646
7996 24.913380035961033
7997 24.93732249491225
7998 24.916314264790476
7999 24.914846316545702
8000 24.927000252729442
8001 24.915462381456468
8002 24.95162737233421
8003 24.901537449340633
8004 24.90923619871339
8005 24.911572454155724
8006 24.900970792762635
8007 24.888792276812257
8008 24.874864439435076
8009 24.88640943609229
8010 24.916687422642436
8011 24.92663819693918
8012 24.90156457910367
8013 24.907384332759587
8014 24.88444808682856
8015 24.942171360543462
8016 24.917860154870738
8017 24.916763113393873
8018 24.977017467262222
8019 24.980712829453957
8020 24.972422159245657
8021 24.990647283493896
8022 24.980350238317236
8023 24.956847730658033
8024 24.952756867793106
8025 24.989745376616483
8026 25.007526825364724
8027 25.022441334353964
8028 25.05041334953993
8029 25.05916268767792
8030 25.081624624497028
8031 25.075635322181693
8032 25.0390351734627
8033 25.071252415277776
8034 25.076022298542192
8035 25.014628817367193
8036 25.01234257562885
8037 24.997640216830234
8038 24.99938150902845
8039 24.94487062826118
8040 24.94764284339532
8041 24.97865312762821
8042 24.98857549097948
8043 25.01985539531895
8044 25.0196115449591
8045 25.008083846028597
8046 24.984710199269184
8047 24.979848670858658
8048 24.987934259313846
8049 24.97766292389606
8050 24.996146702481823
8051 24.998340339448724
8052 25.020850511471053
8053 25.03431434272989
8054 25.00303456122856
8055 24.977853651419426
8056 25.00933206863084
8057 25.008553840892613
8058 25.047924465697772
8059 25.057436926204073
8060 25.031010969059842
8061 24.978630016807152
8062 24.986319792478607
8063 25.030324261005774
8064 25.006027525372264
8065 24.989894545248813
8066 24.985135368181155
8067 24.97761028933266
8068 25.010024996311284
8069 25.006548394607464
8070 24.975050613024695
8071 24.961757526739486
8072 25.00721836048493
8073 25.018177458075346
8074 25.035537143585252
8075 25.030851015928302
8076 25.020444795796045
8077 25.02074448553527
8078 25.02253275585237
8079 25.01364797207044
8080 25.001259343126673
8081 24.98289346477426
8082 24.96897892894322
8083 24.969848894420885
8084 24.991243010184654
8085 24.955643743401165
8086 24.956590442000564
8087 24.981356946491278
8088 24.984948344437154
8089 24.967728393404638
8090 24.968614324849767
8091 24.943289543505827
8092 24.951417261597328
8093 24.97010028927445
8094 24.975470618589757
8095 24.970134326891653
8096 24.935607475518715
8097 24.92642566942934
8098 24.941472686697075
8099 24.990079811073684
8100 25.02114768432353
8101 24.977884242574515
8102 24.951382942603416
8103 24.995075859402096
8104 24.96058312829029
8105 24.971358427637877
8106 25.00656599590941
8107 25.034811995099428
8108 25.0703278004809
8109 25.07227356367293
8110 25.071464818969666
8111 25.03193420820462
8112 25.040632171352165
8113 25.030352286116646
8114 25.0350465814919
8115 25.036909836399513
8116 25.051941575909296
8117 25.018159563069446
8118 24.984284290989866
8119 24.9840840540252
8120 24.980820696000503
8121 24.986061767469955
8122 24.961714785953795
8123 24.961806865590635
8124 24.987083335533733
8125 24.995490526094752
8126 25.008029293474873
8127 25.029562433763253
8128 25.01036910670045
8129 24.9888055378475
8130 24.951491857007166
8131 24.976119580986964
8132 24.992512454253326
8133 25.008830244496014
8134 25.00264124908574
8135 25.03356516250548
8136 25.058134777219287
8137 25.053993281678892
8138 25.06946692906678
8139 25.051083461982834
8140 25.027200969037708
8141 24.97219963782112
8142 24.939599834849645
8143 24.946663085693892
8144 24.944394370973207
8145 24.95355037157109
8146 24.96023441803505
8147 24.947044998218086
8148 24.97361061938071
8149 25.009046984945364
8150 24.989091886093405
8151 24.998268676663844
8152 25.0353756341902
8153 25.00415264018497
8154 25.012635332798506
8155 25.03154401850511
8156 25.028394002131666
8157 25.03363192010067
8158 25.0525053243606
8159 25.030719436514914
8160 25.02179569541659
8161 24.974351936747684
8162 25.007530221265654
8163 24.993551476549726
8164 24.96219329596503
8165 24.976876318849428
8166 24.971011993853008
8167 24.96345456519943
8168 25.00589063549484
8169 25.011560838516747
8170 24.993493515403532
8171 24.96167669720177
8172 25.004899979794967
8173 25.017912576202672
8174 25.016075752347582
8175 25.047017820550547
8176 25.03284566622505
8177 25.042957451913704
8178 25.028709586939392
8179 25.06845711427117
8180 25.07880225793605
8181 25.064618061428323
8182 25.050947080048225
8183 25.112513123362504
8184 25.084296698954642
8185 25.071614254605656
8186 25.026229836988303
8187 25.05494212131204
8188 25.030232344568347
8189 25.040267096708504
8190 25.001458311769515
8191 25.02393760970416
8192 25.04701447745272
8193 25.03844303664997
8194 25.002312184402886
8195 25.037061800132502
8196 25.016115844707883
8197 24.998369206569294
8198 24.977311655869755
8199 24.983139125091718
8200 24.97729798837563
8201 24.9741044658063
8202 24.93714783055745
8203 24.99085543621337
8204 24.94594622888668
8205 24.969825595324654
8206 24.986955156407536
8207 24.95753990131489
8208 24.955445990521742
8209 24.955298657475115
8210 24.960686328978507
8211 24.94231192263913
8212 24.955607999934344
8213 24.969972106321105
8214 24.926767200078586
8215 24.897542915951927
8216 24.92190024057636
8217 24.929968436978214
8218 24.97334282770662
8219 24.950278739556243
8220 24.936761540306566
8221 24.96088804517727
8222 24.962770727453332
8223 24.939813357313852
8224 24.951672975488957
8225 24.957127401154256
8226 24.99667657637222
8227 24.984724752783688
8228 24.967415071850418
8229 24.9955669476194
8230 25.02565445539124
8231 25.019076219925356
8232 25.008796379506204
8233 24.991515129888725
8234 24.99243953220703
8235 24.96403219302427
8236 24.96841263830666
8237 24.96125151216689
8238 24.9427020963703
8239 24.91480074276257
8240 24.922763062179722
8241 24.883715967977462
8242 24.930262853286383
8243 24.943837854672857
8244 24.914940982767124
8245 24.930372963218776
8246 24.93858301458229
8247 24.951857210473154
8248 24.949396854351548
8249 24.91963403685281
8250 24.926463608910872
8251 24.960039373441678
8252 24.973302142100405
8253 24.96758949584074
8254 24.994039304275045
8255 24.975299716933122
8256 24.97774801882746
8257 24.977303287769733
8258 24.98049782385927
8259 24.97389033091847
8260 24.946986028795113
8261 24.977895591361467
8262 25.009781500426055
8263 24.985289026836544
8264 24.954467686122527
8265 24.953751439938127
8266 24.980218659849456
8267 25.00411939515254
8268 24.983659288790722
8269 24.994043286281748
8270 24.96532480668132
8271 25.006983970615444
8272 25.038504829387254
8273 25.00726984850763
8274 25.007348771587132
8275 25.007096718737113
8276 25.002906413351653
8277 24.981856881607357
8278 24.987001706342806
8279 24.977900498357556
8280 24.97966198594971
8281 24.970220996594797
8282 24.98024542900858
8283 24.970458828491456
8284 24.938011622581083
8285 24.96457578739926
8286 24.93759325806931
8287 24.91267222318399
8288 24.94489915341047
8289 24.956343655279312
8290 24.93243127219719
8291 24.949708065134118
8292 24.944969860611128
8293 24.936433100570955
8294 24.963585096682753
8295 24.97598166281102
8296 24.954513984879704
8297 24.935778041502882
8298 24.913770231665026
8299 24.913830585152212
8300 24.90459851118701
8301 24.88134971031787
8302 24.879263671142315
8303 24.86743050549613
8304 24.854832233831097
8305 24.847796347982943
8306 24.874176141411677
8307 24.89042088115086
8308 24.872310352288608
8309 24.881039930624617
8310 24.92789758588077
8311 24.931926545399982
8312 24.917351263182834
8313 24.954647605048013
8314 24.95390543408176
8315 24.93521497542982
8316 24.968231913187488
8317 24.98386014817064
8318 24.972063866418743
8319 24.98660784221573
8320 24.98582372536841
8321 24.928690310757286
8322 24.936569280414755
8323 24.930301289429412
8324 24.969264027539573
8325 24.924783047802713
8326 24.921227728490145
8327 24.923600114536743
8328 24.91682819811086
8329 24.943402946279786
8330 24.92982389193236
8331 24.974629168057323
8332 25.010191845747677
8333 25.006271676899487
8334 24.995936330888405
8335 25.035577245826236
8336 25.043125627224196
8337 25.06508399585034
8338 25.0442227160766
8339 25.041916810307914
8340 25.010485204446095
8341 25.047478870458825
8342 25.049431861835497
8343 25.026922580204964
8344 25.01421485707466
8345 25.00862808012315
8346 24.99216431832532
8347 24.998212041277274
8348 24.98668937153947
8349 24.997230114709232
8350 25.031777220608404
8351 24.98521597992195
8352 25.004220956273464
8353 24.973315936584953
8354 24.97058840598888
8355 24.98135818867046
8356 24.99658884303125
8357 24.95666433330734
8358 24.937344284283085
8359 24.93141491495246
8360 24.939039477997852
8361 24.966748499614265
8362 24.95499295877348
8363 24.953364814315215
8364 24.96429585283386
8365 24.98505870574372
8366 24.955094011669548
8367 24.94673314650983
8368 24.959591740651206
8369 24.972123677839527
8370 24.997737825865666
8371 24.98004654557981
8372 24.976502004592426
8373 24.989038923527517
8374 25.00465475108478
8375 25.029062277178078
8376 25.05650411865298
8377 25.002208916959567
8378 25.012944887819856
8379 25.02431563006046
8380 25.034852483203696
8381 25.04453639781104
8382 25.030705929172143
8383 25.033743533950318
8384 25.01428794485773
8385 25.035818542693743
8386 25.024395173070502
8387 25.037887915246202
8388 25.028139811475803
8389 24.98808788165357
8390 24.995049473643256
8391 24.977832390726928
8392 24.969521607393045
8393 24.97586907247614
8394 24.974552254995594
8395 24.975188754522353
8396 24.984028668673027
8397 24.92902732064844
8398 24.933769283568438
8399 24.960929015972322
8400 25.011287559025927
8401 25.0218858314415
8402 25.013738155485505
8403 25.029774591072602
8404 25.01849606249812
8405 25.035510990919384
8406 25.023137716673023
8407 24.998837577041588
8408 25.01778806410561
8409 25.038716051389347
8410 24.987356508128613
8411 24.976906408212336
8412 24.987694546106194
8413 24.982058540889046
8414 24.97497588981
8415 24.956738029328683
8416 24.953820164228844
8417 24.97944756500332
8418 24.95369216641724
8419 24.985977542691646
8420 24.99498366766659
8421 25.020033424762513
8422 25.04636554508824
8423 24.98913677805105
8424 24.986992803535173
8425 25.017373346770697
8426 25.01722483479022
8427 25.026401947175177
8428 25.024407347379142
8429 25.046245437880838
8430 25.053012982903702
8431 25.040145263048252
8432 25.03145014622114
8433 25.027167356698317
8434 25.013978881150155
8435 25.021665006450363
8436 25.049393443635715
8437 25.05340390254887
8438 25.07408450205503
8439 25.098049985293436
8440 25.103673857713066
8441 25.086664085176793
8442 25.05513078729986
8443 25.02985034624865
8444 25.06940375814787
8445 25.079424742763173
8446 25.101948498972266
8447 25.069941358837227
8448 25.060654909719428
8449 25.08144326842544
8450 25.047085998041496
8451 25.011133157311292
8452 24.981914565676828
8453 24.96772360689205
8454 25.021928811634147
8455 25.010043010201514
8456 25.01391035456627
8457 25.03007078452797
8458 25.02589438629525
8459 25.033669603053486
8460 25.031423227288478
8461 25.020342714777303
8462 25.000670196543865
8463 25.025809759695694
8464 24.995697450261364
8465 24.973849268162915
8466 24.950713877712804
8467 24.911955466220036
8468 24.90737836330491
8469 24.970100639007665
8470 24.986935101480675
8471 25.01795915093059
8472 25.046522452532912
8473 25.044077582919574
8474 25.055224097254552
8475 25.054767187065764
8476 25.090013979617442
8477 25.07117493530155
8478 25.071575032627187
8479 25.063944289953934
8480 25.061742825337976
8481 25.076606484660505
8482 25.04379029911498
8483 25.050827546897757
8484 25.093027457718044
8485 25.06577779300825
8486 25.04310107398194
8487 25.02047371547362
8488 25.000822513166042
8489 24.988592654552054
8490 24.98355384202013
8491 24.966764100564948
8492 24.986627932638637
8493 25.005603203542695
8494 24.978650367000228
8495 24.981978358931727
8496 24.976953704399406
8497 24.988072090525964
8498 24.960351305397413
8499 24.933703410472134
8500 24.96805209523776
8501 24.976531938001738
8502 25.00591343073369
8503 24.95355468997867
8504 24.98067269598465
8505 24.997542261284572
8506 24.97329718281959
8507 24.974821074551922
8508 25.02284129630049
8509 25.02686171196518
8510 24.999205350300908
8511 25.018535845328643
8512 25.019190029063576
8513 25.028642873641623
8514 25.013635651124204
8515 25.025127422779402
8516 25.027057107487558
8517 25.01759464125255
8518 25.022244031608952
8519 25.056949598242937
8520 25.010158850468606
8521 25.00096030998201
8522 25.017266962684637
8523 25.014040522830516
8524 24.981185613997926
8525 24.97884321686684
8526 24.975538127417085
8527 25.014616400255317
8528 25.03833234857338
8529 25.07015524374993
8530 25.114472278397507
8531 25.10668384099237
8532 25.106969792284367
8533 25.085469071273273
8534 25.02070765991618
8535 24.976187427876305
8536 24.976815595492962
8537 24.957067828820374
8538 24.95335946865034
8539 24.914540217219802
8540 24.93267091634707
8541 24.94411444917197
8542 24.953031879755233
8543 24.984620336886948
8544 24.99982165257162
8545 25.011642820029113
8546 24.995847281310716
8547 24.975154955052595
8548 24.97459485307781
8549 24.97303669874787
8550 24.976439889989283
8551 24.952936811678175
8552 24.937365280581503
8553 24.93407883592657
8554 24.9451134621517
8555 24.96469818093895
8556 24.96468138788333
8557 24.973241843073275
8558 24.979767052197115
8559 24.96353380089392
8560 24.987087022363887
8561 24.952301827941916
8562 24.988906670966056
8563 24.99852964122764
8564 25.04483721512704
8565 25.070568831876706
8566 25.062319642472367
8567 25.05867089572247
8568 25.11207036961691
8569 25.083517888219514
8570 25.09438787508316
8571 25.069893708047662
8572 25.070526544895557
8573 25.03968277819948
8574 25.03009982673378
8575 25.016267512474315
8576 25.039189725625047
8577 25.022214628642324
8578 25.01569175228968
8579 24.9992739721639
8580 25.02253817456387
8581 25.05639733722478
8582 25.06777082299874
8583 25.037851097359507
8584 25.051493757080916
8585 25.046913437163752
8586 25.021159523478428
8587 25.00192408672242
8588 25.011924138110224
8589 25.026146803485105
8590 25.02069926458578
8591 25.01897392831291
8592 25.01016448423169
8593 24.99667769290452
8594 25.01583364499347
8595 25.001472777571244
8596 24.96160509403865
8597 24.98118232795642
8598 24.957953327440258
8599 24.93130085704505
8600 24.926771379305016
8601 24.912298351976343
8602 24.901119675266983
8603 24.93596202652247
8604 24.93371790343758
8605 24.976957381408894
8606 25.015326196263388
8607 25.025696953707683
8608 24.99881571682581
8609 25.00926385941917
8610 25.004536840025967
8611 25.04186870137833
8612 25.081624295680047
8613 25.060061821301918
8614 25.031741749645363
8615 25.045160050759165
8616 25.08088745523106
8617 25.10130461319097
8618 25.12335134863504
8619 25.130286091735886
8620 25.10267232122452
8621 25.06096148430616
8622 25.0489706613562
8623 25.042033592161367
8624 25.002899733639886
8625 25.012940433140443
8626 25.01810174529197
8627 25.007084317428816
8628 24.99093738388764
8629 25.01972431285778
8630 25.01847567508734
8631 25.000234611173195
8632 25.012343613535034
8633 25.002833978923444
8634 25.001587741086734
8635 25.002717250561638
8636 24.994927377300556
8637 25.02158968006935
8638 25.004827912130995
8639 25.04988131764996
8640 25.081248702324327
8641 25.092119397936543
8642 25.047223703019434
8643 25.070323935768805
8644 25.041415644719343
8645 25.020746880830636
8646 25.025886098362612
8647 24.99054201613697
8648 25.022337254624492
8649 25.005706196093865
8650 24.998168463754773
8651 25.012424713425307
8652 25.02249658662041
8653 25.063878090501454
8654 25.033456670857795
8655 25.02779275097341
8656 25.004283813975242
8657 25.01979962814609
8658 25.040617247141288
8659 25.074638555959837
8660 25.077769996367362
8661 25.07850375903892
8662 25.073700330008112
8663 25.064488264304742
8664 25.025013427955376
8665 25.05841905805861
8666 25.03717921020788
8667 24.996042417911173
8668 24.993317088146224
8669 25.021716371000593
8670 25.03947281846967
8671 25.03471485584449
8672 25.041510081738238
8673 25.013438585001644
8674 25.0139090833489
8675 24.985749364412474
8676 25.006915418576792
8677 25.029302398439274
8678 25.02337516337088
8679 25.024040737163713
8680 25.052935684046854
8681 25.02596072077822
8682 25.020736789970673
8683 25.024941020235495
8684 25.051669757258768
8685 25.05266011507242
8686 25.029585609889423
8687 25.050533713376314
8688 25.029545896514954
8689 24.961126127286377
8690 25.005777907503322
8691 24.99997921358917
8692 25.003732564514895
8693 25.013713718810877
8694 25.008736879388554
8695 25.02535633668167
8696 25.033029609781128
8697 25.0335251961536
8698 25.032071809271923
8699 25.027719842905995
8700 25.051832479263506
8701 25.063793794939926
8702 25.084819130225437
8703 25.07000615349861
8704 25.038397609899754
8705 25.014536467481765
8706 25.00630392370294
8707 25.007051140656248
8708 25.017883811132492
8709 25.021421873849516
8710 24.996800467478277
8711 25.02553344179915
8712 25.02737781636707
8713 25.06605965580474
8714 25.063709476176864
8715 25.047456235828587
8716 25.030284961524686
8717 25.015994799901126
8718 25.028930464523253
8719 25.05699799918648
8720 24.999120739341645
8721 24.990483781332394
8722 25.02130306308537
8723 24.980534099202032
8724 24.988216981404218
8725 25.014231164573715
8726 25.031371686529173
8727 25.067637678478384
8728 25.087509430740507
8729 25.05578518429742
8730 25.048562829223762
8731 25.032370895445414
8732 25.015845228617692
8733 24.982365835990823
8734 24.978283503856403
8735 25.025566451760703
8736 25.02602712887635
8737 25.01971071456249
8738 25.014349540924066
8739 25.028680291222912
8740 25.03326869502388
8741 25.043498902943934
8742 25.00939127429416
8743 25.02469535374985
8744 25.055919696129433
8745 25.035475003384583
8746 24.99008659303259
8747 24.990064107739002
8748 24.9746001823472
8749 25.001952710257182
8750 25.03444815020424
8751 25.0369981038173
8752 25.036375102903257
8753 25.009767098816344
8754 25.024156946550452
8755 25.04065141832885
8756 25.026835055437942
8757 25.015895920370404
8758 25.045370145378712
8759 25.06235697284307
8760 25.060210769321777
8761 25.042568828568736
8762 25.03557775361739
8763 25.055757637362458
8764 25.048617537168823
8765 25.051728776025442
8766 25.07072785491762
8767 25.026876407154674
8768 25.013700477355922
8769 25.001969648136757
8770 24.98895805076768
8771 25.018842689167354
8772 25.00313465150001
8773 25.03698988775138
8774 25.02225086472154
8775 24.988068325534343
8776 24.99720480731313
8777 25.021407531920293
8778 24.98861027131506
8779 24.97229282322521
8780 24.967474096510813
8781 24.988675803509807
8782 25.00198511570274
8783 25.023419117438472
8784 25.04434816761407
8785 25.0201741303589
8786 25.02660970175336
8787 25.035286180356014
8788 24.983292629372926
8789 24.977676977636364
8790 24.95091900405797
8791 24.9968808805254
8792 24.982659557895193
8793 24.96913813302099
8794 24.973993730895096
8795 24.980673590850717
8796 24.994331816844873
8797 25.008653583381314
8798 25.000855353000784
8799 25.022366833045595
8800 25.011267346656805
8801 25.02086277372728
8802 25.040002973772857
8803 25.001484050275565
8804 24.975560201621235
8805 24.975957992182607
8806 24.973215451468903
8807 24.979495788286187
8808 24.98268824915227
8809 24.97613914737271
8810 25.00745491966959
8811 25.045350481182226
8812 25.010280803996224
8813 25.022241204393858
8814 25.048998577514727
8815 25.073422446895858
8816 25.05792745909047
8817 25.045998068867025
8818 25.024448512488902
8819 25.076882067227764
8820 25.064920505250672
8821 25.053945961859384
8822 25.047806432521796
8823 25.01904578411586
8824 25.006038863216858
8825 24.985855577406877
8826 24.99169575310566
8827 24.96918779711009
8828 25.011843349934914
8829 25.034270638128465
8830 25.038241452094823
8831 25.026484183762566
8832 25.00923131157382
8833 25.007010142685758
8834 24.994944501321847
8835 24.997172385636024
8836 24.951643505788578
8837 24.96018163695325
8838 24.950175633250744
8839 24.96012398167672
8840 24.98261132883354
8841 24.978709105709942
8842 24.986919406356513
8843 24.98718273501955
8844 24.993723147980933
8845 24.96519534340402
8846 24.947252973374866
8847 24.984427795094522
8848 25.013332525633388
8849 25.008053530101282
8850 24.9836064267347
8851 25.008858910741594
8852 25.011774920868707
8853 24.977886898638705
8854 25.00170667739034
8855 25.0207389089449
8856 24.991624157443166
8857 25.043846516958098
8858 25.029738619118547
8859 25.01445576705171
8860 25.028280762893555
8861 25.058136421741306
8862 25.04695388644467
8863 25.04258160835521
8864 25.02293974400904
8865 25.012720983497793
8866 24.990948372280922
8867 24.962613293686537
8868 25.003782292989523
8869 25.019828680329862
8870 25.07109428287075
8871 25.056461533884985
8872 25.03085472584172
8873 25.0171786076026
8874 25.02201017900677
8875 25.010084680841572
8876 25.012782018600586
8877 25.029278007420523
8878 25.048903596573304
8879 25.017218822314806
8880 24.996584901370007
8881 24.99331664928881
8882 25.017890052189376
8883 25.027936429188202
8884 25.056341800349053
8885 25.044864577176504
8886 25.044207675479445
8887 25.08755696432481
8888 25.10860448346616
8889 25.08126882151865
8890 25.046297265319783
8891 25.041623757789502
8892 25.00461549345903
8893 25.03765710430873
8894 25.062026451967167
8895 25.044225489034176
8896 25.03424242529092
8897 25.0126679967857
8898 25.047921451762356
8899 25.041203465675284
8900 25.020241705023402
8901 25.039926058222754
8902 25.03909907599097
8903 25.04392231321054
8904 25.024292147315435
8905 25.02995335548134
8906 25.003835800086012
8907 25.018449373740612
8908 25.002627377401843
8909 24.975089421399
8910 24.969736233461482
8911 24.948644692049808
8912 24.997063961835345
8913 24.94806410090391
8914 24.969355752420316
8915 24.948641040677792
8916 24.975338367320404
8917 24.945748951860256
8918 24.94717213297888
8919 24.945702233779897
8920 24.986288253480414
8921 25.04284715276798
8922 25.053533075808936
8923 25.073778783792406
8924 25.060279058082994
8925 25.065219559214263
8926 25.104713492790527
8927 25.07130070551783
8928 25.07379386303052
8929 25.097334448881448
8930 25.0933525784927
8931 25.124501429001455
8932 25.121716493921028
8933 25.141041133388473
8934 25.125715279760037
8935 25.0979874867222
8936 25.090713674358224
8937 25.102235096756893
8938 25.106634087511402
8939 25.126017077294144
8940 25.089338852156278
8941 25.090409274625845
8942 25.076554149808686
8943 25.041023438229995
8944 25.05518224310701
8945 25.034901750040998
8946 25.017262390025255
8947 24.99761705096201
8948 25.0035600728
8949 25.025377019241056
8950 25.030531337882373
8951 25.039779406950704
8952 25.049468859665396
8953 25.046974632245053
8954 25.039377799651305
8955 25.04308731779772
8956 25.015453243059863
8957 25.034706346842363
8958 25.06741313386724
8959 25.04690838218065
8960 25.07155569277176
8961 25.064393041928028
8962 25.069329859021405
8963 25.061105126168396
8964 25.049910599298354
8965 25.01718401863404
8966 25.032603348950264
8967 25.05596195754964
8968 25.035615800257155
8969 24.995669016208474
8970 25.009183833744654
8971 25.0007291918412
8972 25.03777463141418
8973 25.061894343006433
8974 25.07159230769041
8975 25.058377875293946
8976 25.009582000796563
8977 25.012544214311177
8978 25.063809377027884
8979 25.068405823320504
8980 25.06759961966164
8981 25.095152480962415
8982 25.088449696947773
8983 25.086130552526456
8984 25.08214175429617
8985 25.098647071314204
8986 25.11158957736363
8987 25.09553376625138
8988 25.07134692511272
8989 25.06126028710002
8990 25.062810610740435
8991 25.03959293878282
8992 25.01011325693315
8993 24.97490218489727
8994 24.986724481285716
8995 24.981885259600677
8996 24.980968327064208
8997 25.017099967165215
8998 24.997880440521264
8999 24.99084271434285
9000 25.005356311275936
9001 25.031595783985598
9002 25.05302519382285
9003 25.021634989295563
9004 25.03107746405711
9005 25.000745020839428
9006 25.014680056897628
9007 25.020231519526458
9008 25.02883682429093
9009 25.009614820540815
9010 25.019592586734337
9011 25.016075340389197
9012 25.032899827015193
9013 25.01218039742942
9014 25.02437301955239
9015 25.044896994954033
9016 25.023937720158273
9017 25.024661199205244
9018 25.05229179965823
9019 25.042053313904898
9020 25.035354502039432
9021 25.04269880828894
9022 25.030665784573007
9023 25.00440231649686
9024 25.020240493115686
9025 25.026207754804904
9026 25.04104126792474
9027 25.033136295899173
9028 25.034283473526155
9029 25.049181056746747
9030 25.084428407168097
9031 25.072249311676856
9032 25.106213864520992
9033 25.097379991076206
9034 25.06649060311687
9035 25.062281032758126
9036 25.048155170965604
9037 25.025821560489796
9038 25.018314384148276
9039 25.042325698943117
9040 25.028525068643482
9041 25.009236074573764
9042 24.969651704803358
9043 24.968436440172034
9044 24.964697982189115
9045 24.9710541241687
9046 24.972534502313323
9047 24.977234885237174
9048 24.95579566329081
9049 24.941830833466266
9050 24.97894698309724
9051 24.98791736190177
9052 24.987129118546115
9053 24.982078412937174
9054 25.020079849812603
9055 25.01669776170471
9056 24.98742833363064
9057 24.97519314512898
9058 24.964609511746573
9059 24.979648343687856
9060 25.002415503031912
9061 24.999491945350112
9062 24.99120790885095
9063 25.007004371457676
9064 24.99162578012082
9065 25.02971256763431
9066 25.02556717428827
9067 25.02588186653393
9068 25.06328061379033
9069 25.043466526691287
9070 25.04295217207776
9071 25.03213830262557
9072 25.050883689943664
9073 25.06614566933285
9074 25.03370612900473
9075 25.016774259313554
9076 25.018032576487297
9077 25.05346531057024
9078 25.061980417603753
9079 25.07884189028437
9080 25.101325157437458
9081 25.07785574189495
9082 25.04207794055815
9083 25.022652862431947
9084 25.007246048315405
9085 24.986869176280397
9086 25.009209166947688
9087 24.995391743506826
9088 25.016325815668452
9089 25.046763242956303
9090 25.05707142632158
9091 25.03384123491003
9092 25.036233286347862
9093 25.04752185028137
9094 25.062024070183654
9095 25.062932199876155
9096 25.075133053370184
9097 25.05067725758706
9098 25.05390861944066
9099 25.05652189356295
9100 25.028029241587646
9101 25.01542052576886
9102 25.03700919971502
9103 24.994442470249886
9104 24.96987760251665
9105 24.941207386048635
9106 24.979777262544065
9107 24.9722470827584
9108 24.94786182830313
9109 24.912650490792565
9110 24.909688352321773
9111 24.93024716881535
9112 24.92505717374448
9113 24.947138294056302
9114 24.92202705725176
9115 24.950690636120115
9116 24.918697275122987
9117 24.941604782451765
9118 24.98423905278276
9119 24.96973446363089
9120 24.96313649067221
9121 24.968402117218858
9122 24.962461181827813
9123 24.937988245102684
9124 24.949476148754876
9125 24.947168999131463
9126 24.93992921210222
9127 24.948779393740075
9128 24.95956932414813
9129 24.969559916510665
9130 25.022033127602878
9131 25.0391588248523
9132 25.052102618333393
9133 25.01820716116763
9134 24.9830874524542
9135 24.974210555099898
9136 25.019552790423713
9137 25.00255047411556
9138 25.032434501592302
9139 25.0192713993819
9140 25.00556085211297
9141 25.00311818363114
9142 25.018290882729804
9143 24.973574644387543
9144 24.95706408671628
9145 24.983858952246496
9146 24.967791793953474
9147 24.991878421402404
9148 25.014422308301597
9149 25.01723249568212
9150 25.04154347136459
9151 25.08326873887406
9152 25.050971246612853
9153 25.042902082011672
9154 25.050091553464213
9155 24.969777156734704
9156 24.993232439875268
9157 25.02050813242517
9158 25.01635585766009
9159 24.994480558750457
9160 25.013025589835127
9161 25.003922661888943
9162 25.013454912792398
9163 25.001017870558186
9164 24.99363680884136
9165 24.964991145182047
9166 24.966612781025425
9167 24.991911611589156
9168 24.989010013545236
9169 25.021857321732934
9170 25.034264279513494
9171 25.043359508942327
9172 25.051370963177597
9173 25.0694320617138
9174 25.029509473001333
9175 24.982349915577768
9176 24.967768904277115
9177 25.010057540913284
9178 25.01229242531702
9179 25.03172403534195
9180 25.066410304023652
9181 25.040046388712412
9182 25.02427990372156
9183 25.029953927548544
9184 25.023109106171436
9185 25.036622304047278
9186 25.047790061474394
9187 25.05911159779944
9188 25.07731476175336
9189 25.088998796258593
9190 25.086607120368395
9191 25.0629645565879
9192 25.09480850260083
9193 25.05963643055266
9194 25.064546691771135
9195 25.052078866586502
9196 25.102899353964688
9197 25.064628485096
9198 25.042158297993122
9199 25.019936508089653
9200 25.009978389503594
9201 24.973809409940156
9202 25.013651282401188
9203 25.026997608518062
9204 25.056553604651413
9205 25.039417369340974
9206 25.041843215110386
9207 25.02416644004766
9208 25.03033209929144
9209 25.028422918635577
9210 25.010156670186184
9211 25.027970318118815
9212 24.99856582778872
9213 25.036517173752742
9214 25.014813551932953
9215 25.050561378732912
9216 25.07259425367136
9217 25.09205783778362
9218 25.066609824944084
9219 25.057467311536858
9220 25.04344510544884
9221 25.017767889021904
9222 25.05220738001438
9223 25.054724035295838
9224 25.06843703349294
9225 25.02620953816093
9226 25.027406605826663
9227 25.034682880722695
9228 25.036009311251007
9229 25.042865051364874
9230 25.032384306666433
9231 25.052329103931353
9232 25.022367823435594
9233 25.071918583378604
9234 25.049551113809084
9235 25.052327717014617
9236 25.03433508636934
9237 25.022282794061326
9238 25.00277234480707
9239 24.972430794927227
9240 24.948757772788333
9241 24.94068193197891
9242 24.931025719872075
9243 24.958422405464532
9244 24.953709621488528
9245 24.925079013664206
9246 24.94042881022239
9247 24.95247879963448
9248 24.981173195421963
9249 24.970927865726516
9250 24.99755189049584
9251 24.981632919642127
9252 24.982236032677175
9253 24.996649720686047
9254 25.03257555624367
9255 25.044220250450586
9256 25.033469874040374
9257 25.02281025318287
9258 24.987302658864973
9259 24.993241265724116
9260 25.00169768200468
9261 25.03305882967335
9262 25.023931980477617
9263 25.019410455570142
9264 25.001151700989677
9265 25.045091202288596
9266 25.01747401879737
9267 25.006916142329462
9268 25.00049434391676
9269 24.97688919067898
9270 24.99427563884588
9271 24.996191889835167
9272 24.983863570815938
9273 25.010762191124577
9274 24.998519046525203
9275 24.98994608895494
9276 24.93285767608412
9277 24.93990753782045
9278 24.95740275565722
9279 24.981810772219045
9280 24.989366444331875
9281 25.009500954029637
9282 24.96315795284023
9283 25.01399088578204
9284 25.022288832127455
9285 25.027933303300365
9286 25.01213778748166
9287 24.993628298475514
9288 25.01758224838865
9289 25.034601682933673
9290 25.031835576114055
9291 25.01695197490189
9292 25.02247620398132
9293 25.037602874239887
9294 25.016741162383745
9295 25.03956341787122
9296 25.035089277613732
9297 25.025626481956298
9298 25.02064079687922
9299 24.970468118356937
9300 24.988583954859497
9301 24.99703280309144
9302 24.983553349757553
9303 24.99543217122138
9304 24.99671470586178
9305 24.981139843060188
9306 24.97310604840192
9307 24.956105849688146
9308 24.98459094194936
9309 24.94831526935469
9310 24.977323874256626
9311 24.977620522412472
9312 24.95226066516143
9313 24.972133904159026
9314 24.98647392477604
9315 24.98965936979331
9316 24.952212414200666
9317 24.96418791071014
9318 24.949561773273377
9319 24.96716641399257
9320 24.943944255371363
9321 24.94151876865686
9322 24.933808688063092
9323 24.94242887653918
9324 24.937829614987326
9325 24.964966315395486
9326 24.954361871942858
9327 24.96388464496304
9328 24.98214831936608
9329 25.004215373009913
9330 24.955419317650968
9331 24.942063951551336
9332 24.95434795427316
9333 24.9997001431423
9334 24.975326339953323
9335 24.964208354212406
9336 24.97647273319591
9337 24.990630994367777
9338 24.926230458618427
9339 24.933866860415485
9340 24.934729974790308
9341 24.960284073974574
9342 24.958159916783213
9343 24.945814394968338
9344 24.954248083802096
9345 24.95428376981076
9346 24.93718002713559
9347 24.96351833525429
9348 24.968961874007427
9349 24.964204718633226
9350 24.992952582336773
9351 24.963526612146083
9352 24.971815172676536
9353 24.99811195916985
9354 24.99957882582726
9355 25.016766665320155
9356 25.053623948907862
9357 25.02988283160667
9358 25.027590791613445
9359 25.056885372860958
9360 25.049307041214487
9361 25.08994716178754
9362 25.058051157053107
9363 25.06377976538896
9364 25.03827921508831
9365 25.009445298016473
9366 25.04869591632336
9367 25.0113916257253
9368 25.044680965925668
9369 25.023311551836365
9370 25.03798686957105
9371 25.05508432565609
9372 25.04355284948208
9373 25.056847549594416
9374 25.067511925205118
9375 25.077242188416044
9376 25.07442628007616
9377 25.030119141997965
9378 25.00496182191375
9379 25.0048247163129
9380 24.98467807832519
9381 24.998369913429574
9382 25.04478992157526
9383 25.009947435550973
9384 24.958483068830613
9385 24.982358625818442
9386 24.994096100089212
9387 24.981863858608897
9388 25.02567767190244
9389 25.015617299849048
9390 24.991353812924853
9391 24.95371897640783
9392 24.954763886022455
9393 24.93389703722195
9394 24.934548770181365
9395 24.939491783755653
9396 24.950717243303323
9397 24.91347457236429
9398 24.938582917361444
9399 24.934184297688645
9400 24.953555333529028
9401 24.946384255565004
9402 24.92606920181093
9403 24.975424756992975
9404 24.986267442011595
9405 24.9690194784333
9406 24.928822082053404
9407 24.9292250997867
9408 24.95919811803614
9409 24.976232660118708
9410 24.974925719479437
9411 24.930565696578906
9412 24.940025058733802
9413 24.95180331939018
9414 24.951271871663202
9415 24.94775635037139
9416 24.959201431186408
9417 24.9564649068005
9418 24.939591206502804
9419 24.978607721497237
9420 24.980480916475994
9421 25.007077815781294
9422 24.994750498726823
9423 25.022705888400566
9424 25.024675554294824
9425 25.015745337332447
9426 24.96830815780152
9427 24.959273075534895
9428 24.946805831624374
9429 24.97183617089225
9430 24.98958246552318
9431 25.011379251057967
9432 25.060299237184623
9433 25.026878209412107
9434 25.013152961406465
9435 25.04727000926104
9436 25.03807954065638
9437 24.9754706777285
9438 24.98932687310602
9439 24.96851005821699
9440 24.965901884803923
9441 24.916577939100836
9442 24.901144615816573
9443 24.883329995472124
9444 24.896359062665763
9445 24.887924351806664
9446 24.921552375162356
9447 24.91820821568791
9448 24.948057644928596
9449 24.95310513235381
9450 24.954534469872183
9451 24.937874799982648
9452 24.97202527365917
9453 24.981416525237737
9454 24.98095065925221
9455 24.97762489834729
9456 24.96129630471026
9457 24.98562267675407
9458 24.969150918097515
9459 25.00855465689381
9460 24.99543363751846
9461 25.004042467157067
9462 24.993543203620334
9463 24.979912387820374
9464 24.975951648266786
9465 24.973157946717926
9466 24.968741570095666
9467 24.98395272210796
9468 24.992315234537134
9469 24.99190496531469
9470 25.01972470529787
9471 25.0155641807566
9472 25.018286802045875
9473 24.98181779407455
9474 24.952421489840024
9475 24.945850839868708
9476 24.94258926921676
9477 24.977076872801657
9478 24.96853223894562
9479 24.97085431761514
9480 24.94961673950824
9481 24.951978866285412
9482 24.951453917242674
9483 24.940870670980303
9484 24.92098246206903
9485 24.964751247899567
9486 24.9465576125136
9487 24.96120202351491
9488 24.939894430355167
9489 24.929530986876834
9490 24.969494177446798
9491 25.01170708703463
9492 24.970833485678575
9493 24.954444836227292
9494 24.964913719252955
9495 24.97481923453033
9496 24.999381611210914
9497 24.999315491408765
9498 25.00421252938205
9499 24.993923194701576
9500 25.007247799729804
9501 24.965128616226686
9502 24.93709103553458
9503 24.978786991576616
9504 24.995438998154068
9505 25.01416718514056
9506 25.034579980525507
9507 25.028732639492514
9508 25.020330066283073
9509 25.01886532076556
9510 25.03185910928114
9511 24.99724982942696
9512 25.004768250533264
9513 24.97991363310655
9514 24.950767003196177
9515 24.898033531325403
9516 24.905136547915074
9517 24.927275163058866
9518 24.958518155691472
9519 24.978718985544052
9520 24.987223726492548
9521 24.952460121362712
9522 24.952556401742985
9523 24.92686706848301
9524 24.952663604034964
9525 24.92831974695049
9526 24.918657447109073
9527 24.98107234720768
9528 24.980891540339783
9529 24.983491136576678
9530 25.01575088272112
9531 24.99314889326913
9532 24.984205117558037
9533 24.975903455834718
9534 24.98388994869146
9535 25.026023020833023
9536 25.023277143691413
9537 24.981339171954417
9538 24.984980063535797
9539 24.965920556449515
9540 24.979251524915327
9541 24.95813420498392
9542 24.946692451696126
9543 24.97486345447789
9544 24.981176182088756
9545 24.990121626194743
9546 25.00675972750473
9547 25.01365469827968
9548 25.0323302498626
9549 24.982989898061117
9550 24.980468407636604
9551 24.97652450653381
9552 24.975100376680107
9553 25.017452295420632
9554 24.992392459917895
9555 25.00879117137166
9556 25.013362821163053
9557 24.974614343530284
9558 24.97232553486629
9559 25.01405507696701
9560 25.021444799659797
9561 25.01139366288099
9562 24.987840475562006
9563 24.970409383522952
9564 24.97978690080531
9565 24.985229536734874
9566 24.978120646413977
9567 25.011075344622796
9568 25.037922870036102
9569 25.03558528401784
9570 24.99668637811666
9571 24.956050706970817
9572 24.948450836777237
9573 24.98170413989931
9574 24.980053677018716
9575 24.989023107113525
9576 25.0162066195295
9577 25.02122395401167
9578 25.016194464339776
9579 25.043399752017955
9580 25.030929253564025
9581 25.006602469543154
9582 25.023472313453983
9583 25.01579776733903
9584 24.997211992136386
9585 24.96442648991861
9586 24.98813251343661
9587 25.012550162850495
9588 25.02348183795693
9589 25.005280110816344
9590 25.043503509729135
9591 25.010914456686272
9592 25.005959248651468
9593 25.008164142860483
9594 25.009235842650952
9595 25.01218891841634
9596 25.015796457558437
9597 25.077798159937288
9598 25.040327495236173
9599 25.05604178464306
9600 25.052643773990876
9601 25.042635753171233
9602 25.053033338711327
9603 25.048290530684874
9604 25.07730162047548
9605 25.074768962554852
9606 25.062982468140326
9607 25.032878403614674
9608 25.032299071304603
9609 25.024619348845214
9610 25.03482446669987
9611 25.00938594981744
9612 25.029787677804702
9613 25.051035216699763
9614 25.053200546443986
9615 25.02073965367026
9616 25.054412262185078
9617 25.06036182160935
9618 25.021336131537605
9619 25.017973473123284
9620 25.039160995835754
9621 25.047879856844165
9622 25.036344703248034
9623 25.073304310867815
9624 25.084249781692687
9625 25.06779963134235
9626 25.084371048184362
9627 25.068585773242166
9628 25.06192900499051
9629 25.072476387196517
9630 25.091614390266326
9631 25.070316754367028
9632 25.089369493987178
9633 25.074353963048793
9634 25.081276401732048
9635 25.07750010337716
9636 25.06619147581819
9637 25.02727434497916
9638 24.987698324066137
9639 24.9920122618633
9640 24.976027653743017
9641 24.96412238468278
9642 24.93855388745837
9643 24.97026224950799
9644 25.019825285993214
9645 25.03445273186654
9646 25.006905303416545
9647 25.014766041045416
9648 25.033837613635416
9649 25.044430868757637
9650 25.03416102984718
9651 25.030060728771677
9652 25.077695668618414
9653 25.09047236715117
9654 25.05235656135523
9655 25.04660117915906
9656 25.066863911617528
9657 25.03146060913582
9658 25.086762757324934
9659 25.08350176904377
9660 25.074228443303213
9661 25.073284619287215
9662 25.02168233971573
9663 25.04185895033247
9664 24.99895054221583
9665 24.995004056189295
9666 25.00570246951133
9667 25.015868702455126
9668 25.004423585638953
9669 24.999979261947644
9670 24.98956522298359
9671 24.988130516327974
9672 24.94320539993798
9673 24.96725491167942
9674 24.98532311155891
9675 24.994246301204033
9676 24.976436982786083
9677 25.029163540633814
9678 25.035000062691534
9679 25.04771200464151
9680 25.07997873977911
9681 25.032341931513454
9682 25.027150275426145
9683 25.026890107637296
9684 25.048987992455523
9685 25.033384307346395
9686 25.054508617772132
9687 25.007935813842654
9688 25.003423609280805
9689 24.99066004011357
9690 24.999694931421924
9691 25.03075500768978
9692 24.99675240840291
9693 25.045796954482697
9694 25.04541581851863
9695 25.011327309812927
9696 25.01504217108202
9697 24.986933105780516
9698 24.961841122747742
9699 25.000901138137813
9700 24.989110061041153
9701 24.967928114638728
9702 24.982820954762847
9703 24.98844091480093
9704 24.989751133463184
9705 24.987238452451603
9706 25.028435343379538
9707 25.021501818286847
9708 25.02045320052178
9709 25.012651219612316
9710 25.01090809802956
9711 24.979900641056084
9712 24.98954030682096
9713 24.96462230800034
9714 24.934571798828994
9715 24.976763042979947
9716 24.962786639096425
9717 24.936406288498276
9718 24.95160766847403
9719 24.942815052245553
9720 24.925708468933667
9721 24.94334952231208
9722 24.938425657001563
9723 24.96088874435583
9724 24.985213227171634
9725 24.982595480844218
9726 24.96571505674512
9727 24.96028261128246
9728 24.948734521603424
9729 24.98927261956449
9730 25.017557837300348
9731 24.99944339977931
9732 25.03707577888826
9733 25.05843409575229
9734 25.091299257634105
9735 25.03021916107588
9736 25.02277499470203
9737 24.99213081250032
9738 25.02170797348776
9739 25.0343586839169
9740 25.022497507071947
9741 24.99301589363836
9742 25.00567744552018
9743 24.978958128288014
9744 24.990366917270958
9745 25.004196436041504
9746 25.0235939489611
9747 25.03523090889477
9748 25.028277620389932
9749 25.014578932559587
9750 25.009263582533613
9751 25.004728118705106
9752 24.996316295845762
9753 24.994106062718178
9754 25.015929103390313
9755 25.05989955622447
9756 25.047226808513262
9757 25.05008778821725
9758 25.05414362575718
9759 25.075651244348187
9760 25.0416289412974
9761 25.08039781218715
9762 25.086231900154516
9763 25.116692582319633
9764 25.11877812674579
9765 25.112540958282693
9766 25.103633201470064
9767 25.066532460248443
9768 25.093189072835166
9769 25.092223663427283
9770 25.093192728541375
9771 25.133439769752343
9772 25.113925058197367
9773 25.11339527487819
9774 25.07723175315518
9775 25.060517420237417
9776 25.049817568142952
9777 25.04275247597675
9778 25.078456941868183
9779 25.060134581160238
9780 25.116365745291954
9781 25.124383924111417
9782 25.076336160668454
9783 25.05575197637847
9784 25.04194812447275
9785 25.049406856074263
9786 25.074099586709714
9787 25.111856094469303
9788 25.130402173140954
9789 25.154939347235143
9790 25.158612185819802
9791 25.107699549048572
9792 25.127745262072185
9793 25.11629771259905
9794 25.09580500606626
9795 25.05769907255514
9796 25.04037585968223
9797 25.037094697081294
9798 25.03571601592018
9799 25.012523352288063
9800 25.019800368355956
9801 25.007030104443114
9802 24.988786271550936
9803 25.00365131775689
9804 25.00116033238591
9805 24.954721489947133
9806 24.93425885155156
9807 24.92722258885624
9808 24.937788258079213
9809 24.93634653189594
9810 24.951484125283766
9811 24.953483663646278
9812 24.968182180169723
9813 24.955535386761916
9814 24.96193865927404
9815 24.95372229233226
9816 24.980363724970985
9817 24.925550028480615
9818 24.893109533899857
9819 24.890030155761036
9820 24.943769251836514
9821 24.947918661591068
9822 24.979015619272367
9823 24.991721077502895
9824 24.96221153294054
9825 24.96847560329164
9826 24.963416944597473
9827 24.98894471380278
9828 25.02491372794025
9829 25.020589484744168
9830 25.015018247161255
9831 25.00598432922699
9832 24.980895790223713
9833 24.97802463702841
9834 24.977105946029955
9835 24.971989037225047
9836 24.942250735341368
9837 24.949276219774877
9838 24.938332192913883
9839 24.93859088410035
9840 24.95092861745479
9841 24.97795822312762
9842 24.95165363141229
9843 24.98892765449504
9844 24.998507397150057
9845 24.999637718437448
9846 25.01854491189565
9847 25.020264802728736
9848 25.00180846597948
9849 24.983742649873758
9850 24.977863980326113
9851 24.952193107896857
9852 24.967988293204083
9853 24.95340624433127
9854 24.953709781854478
9855 24.95921660383498
9856 24.923810354502027
9857 24.95585905801965
9858 24.97246685699345
9859 25.001377880402156
9860 24.996404445099902
9861 25.020437626226116
9862 25.034552549099345
9863 25.033324916079607
9864 25.007439761108607
9865 25.04537987018368
9866 25.04690911219447
9867 25.017220822583575
9868 25.007229289133825
9869 25.015949741142506
9870 25.033659938946613
9871 25.045048811591773
9872 25.035019197598867
9873 25.010274380673227
9874 25.041984062723447
9875 24.9927243327499
9876 25.000435001587938
9877 25.004475313295675
9878 24.972045688992903
9879 24.992762796311204
9880 25.004888409375663
9881 25.02543178678683
9882 25.023021760073263
9883 25.036255490928724
9884 25.0110092955658
9885 25.00504298832926
9886 25.030200219372812
9887 25.035013213950585
9888 25.041976189868958
9889 25.021905346010787
9890 25.00812876534118
9891 25.029000628940544
9892 25.027757966566252
9893 25.021727426604006
9894 25.019480459100155
9895 25.039864780623986
9896 25.04828996727672
9897 25.041567176935274
9898 25.04191457408881
9899 25.080599368828718
9900 25.07594971015473
9901 25.04200757411649
9902 25.039875483783167
9903 25.061581597840924
9904 25.025326664423716
9905 25.000934419951548
9906 25.012544486859838
9907 25.020241740013017
9908 25.0382843337182
9909 25.05164528950505
9910 25.029904931213792
9911 25.042750608078247
9912 25.035888908309676
9913 25.04367670406555
9914 25.021252717663884
9915 24.97985319216172
9916 25.009545623624476
9917 25.015548774075977
9918 24.992705187817
9919 24.98916663370644
9920 25.01163037411721
9921 25.005362493399748
9922 25.01292065921645
9923 24.98960203234945
9924 24.9821410892168
9925 24.993925412691315
9926 25.00598347013878
9927 25.001337603434106
9928 25.008306558232622
9929 24.992889611408444
9930 25.008956740478528
9931 25.01922812922682
9932 25.0492382895502
9933 25.014920485061122
9934 24.99899398383841
9935 25.004928565881855
9936 25.050936784241063
9937 25.084535429401242
9938 25.089837706102198
9939 25.059899190511516
9940 25.085222956588755
9941 25.048620975691204
9942 25.043095894007397
9943 25.054274560553594
9944 25.04832651888054
9945 25.02941349792293
9946 25.064449474721602
9947 25.044431313577263
9948 25.061326462475094
9949 25.06217880036711
9950 25.034728048717085
9951 25.050719583702143
9952 25.026919990020264
9953 25.022479722849415
9954 25.026634593143633
9955 24.988052359685124
9956 25.02160646306552
9957 25.032023588829343
9958 25.004899213215463
9959 25.009561169325558
9960 25.007670440963107
9961 25.026648929970197
9962 25.020687870787487
9963 25.014940629224828
9964 25.027665609615646
9965 25.062467022061387
9966 25.0597301707224
9967 25.042076849496738
9968 25.084391425825316
9969 25.07547648006433
9970 25.069086463057843
9971 25.02002194815775
9972 25.012413456685803
9973 25.048644408474118
9974 25.03473017833777
9975 25.00031323879597
9976 25.007901280282216
9977 24.98535599647566
9978 25.033241424430592
9979 25.003182092278244
9980 25.00836709348888
9981 25.00008474531324
9982 24.978682096168203
9983 24.961809312102403
9984 25.013026992996505
9985 25.035700073196942
9986 25.003928754823768
9987 25.04802427833505
9988 25.049385289778723
9989 25.029808095651227
9990 25.037796829101737
9991 25.077781682319692
9992 25.063361208989566
9993 25.03844047402773
9994 25.037555324077854
9995 25.046417782919214
9996 25.064414881271954
9997 25.059009943056463
9998 25.03601890749611
9999 25.052304244871692
10000 25.025686527177776
